time,delay,data_value,
218,2021-07-07 13:19:46.113622,711,
219,2021-07-07 13:19:46.121325,7703,
218,2021-07-07 13:19:46.163578,42253,
205,2021-07-07 13:19:46.163993,415,
205,2021-07-07 13:19:46.164699,706,
205,2021-07-07 13:19:46.213801,49102,
36,2021-07-07 13:19:46.214749,948,
36,2021-07-07 13:19:46.215535,786,
36,2021-07-07 13:19:46.264242,48707,
177,2021-07-07 13:19:46.265512,1270,
175,2021-07-07 13:19:46.266815,1303,
174,2021-07-07 13:19:46.314370,47555,
45,2021-07-07 13:19:46.315661,1291,
44,2021-07-07 13:19:46.316858,1197,
45,2021-07-07 13:19:46.364200,47342,
231,2021-07-07 13:19:46.365588,1388,
231,2021-07-07 13:19:46.366810,1222,
232,2021-07-07 13:19:46.414324,47514,
19,2021-07-07 13:19:46.415681,1357,
19,2021-07-07 13:19:46.417026,1345,
19,2021-07-07 13:19:46.464222,47196,
29,2021-07-07 13:19:46.465498,1276,
28,2021-07-07 13:19:46.466738,1240,
28,2021-07-07 13:19:46.514390,47652,
239,2021-07-07 13:19:46.515635,1245,
240,2021-07-07 13:19:46.517051,1416,
240,2021-07-07 13:19:46.564098,47047,
30,2021-07-07 13:19:46.565447,1349,
30,2021-07-07 13:19:46.571781,6334,
29,2021-07-07 13:19:46.614301,42520,
223,2021-07-07 13:19:46.615649,1348,
223,2021-07-07 13:19:46.616946,1297,
223,2021-07-07 13:19:46.664254,47308,
247,2021-07-07 13:19:46.665609,1355,
247,2021-07-07 13:19:46.666808,1199,
246,2021-07-07 13:19:46.713168,46360,
237,2021-07-07 13:19:46.713623,455,
236,2021-07-07 13:19:46.713996,373,
236,2021-07-07 13:19:46.762752,48756,
18,2021-07-07 13:19:46.763174,422,
18,2021-07-07 13:19:46.763709,535,
19,2021-07-07 13:19:46.814635,50926,
255,2021-07-07 13:19:46.816433,1798,
0,2021-07-07 13:19:46.818569,2136,
1,2021-07-07 13:19:46.864468,45899,
30,2021-07-07 13:19:46.865633,1165,
29,2021-07-07 13:19:46.867018,1385,
27,2021-07-07 13:19:46.914357,47339,
32,2021-07-07 13:19:46.915817,1460,
34,2021-07-07 13:19:46.922063,6246,
35,2021-07-07 13:19:46.964215,42152,
18,2021-07-07 13:19:46.965529,1314,
17,2021-07-07 13:19:46.966737,1208,
17,2021-07-07 13:19:47.014361,47624,
23,2021-07-07 13:19:47.015574,1213,
23,2021-07-07 13:19:47.016980,1406,
23,2021-07-07 13:19:47.064171,47191,
212,2021-07-07 13:19:47.065571,1400,
214,2021-07-07 13:19:47.066955,1384,
214,2021-07-07 13:19:47.114755,47800,
8,2021-07-07 13:19:47.115633,878,
8,2021-07-07 13:19:47.117063,1430,
9,2021-07-07 13:19:47.164159,47096,
176,2021-07-07 13:19:47.165480,1321,
175,2021-07-07 13:19:47.166808,1328,
174,2021-07-07 13:19:47.214358,47550,
25,2021-07-07 13:19:47.215737,1379,
27,2021-07-07 13:19:47.221864,6127,
27,2021-07-07 13:19:47.264079,42215,
5,2021-07-07 13:19:47.265432,1353,
6,2021-07-07 13:19:47.266739,1307,
7,2021-07-07 13:19:47.314219,47480,
226,2021-07-07 13:19:47.315536,1317,
225,2021-07-07 13:19:47.316890,1354,
223,2021-07-07 13:19:47.364185,47295,
93,2021-07-07 13:19:47.365527,1342,
93,2021-07-07 13:19:47.366867,1340,
93,2021-07-07 13:19:47.414383,47516,
211,2021-07-07 13:19:47.415608,1225,
211,2021-07-07 13:19:47.416731,1123,
210,2021-07-07 13:19:47.464147,47416,
248,2021-07-07 13:19:47.465498,1351,
247,2021-07-07 13:19:47.466859,1361,
247,2021-07-07 13:19:47.514351,47492,
19,2021-07-07 13:19:47.515694,1343,
20,2021-07-07 13:19:47.517005,1311,
17,2021-07-07 13:19:47.564208,47203,
200,2021-07-07 13:19:47.565450,1242,
200,2021-07-07 13:19:47.566856,1406,
201,2021-07-07 13:19:47.614245,47389,
46,2021-07-07 13:19:47.615648,1403,
45,2021-07-07 13:19:47.621938,6290,
47,2021-07-07 13:19:47.664313,42375,
205,2021-07-07 13:19:47.665675,1362,
206,2021-07-07 13:19:47.666949,1274,
207,2021-07-07 13:19:47.714319,47370,
8,2021-07-07 13:19:47.715486,1167,
9,2021-07-07 13:19:47.716741,1255,
8,2021-07-07 13:19:47.764429,47688,
242,2021-07-07 13:19:47.765870,1441,
243,2021-07-07 13:19:47.766977,1107,
244,2021-07-07 13:19:47.814380,47403,
201,2021-07-07 13:19:47.815778,1398,
176,2021-07-07 13:19:47.816890,1112,
199,2021-07-07 13:19:47.864300,47410,
4,2021-07-07 13:19:47.865541,1241,
254,2021-07-07 13:19:47.866743,1202,
253,2021-07-07 13:19:47.914288,47545,
232,2021-07-07 13:19:47.915630,1342,
232,2021-07-07 13:19:47.921908,6278,
232,2021-07-07 13:19:47.964408,42500,
66,2021-07-07 13:19:47.965762,1354,
68,2021-07-07 13:19:47.966970,1208,
65,2021-07-07 13:19:48.014427,47457,
223,2021-07-07 13:19:48.015703,1276,
224,2021-07-07 13:19:48.017056,1353,
225,2021-07-07 13:19:48.064840,47784,
23,2021-07-07 13:19:48.066239,1399,
23,2021-07-07 13:19:48.067709,1470,
24,2021-07-07 13:19:48.113731,46022,
31,2021-07-07 13:19:48.114558,827,
31,2021-07-07 13:19:48.115193,635,
32,2021-07-07 13:19:48.164658,49465,
254,2021-07-07 13:19:48.165771,1113,
0,2021-07-07 13:19:48.167111,1340,
4,2021-07-07 13:19:48.214206,47095,
26,2021-07-07 13:19:48.215369,1163,
25,2021-07-07 13:19:48.216678,1309,
24,2021-07-07 13:19:48.264210,47532,
17,2021-07-07 13:19:48.265641,1431,
17,2021-07-07 13:19:48.266854,1213,
18,2021-07-07 13:19:48.312744,45890,
6,2021-07-07 13:19:48.313109,365,
7,2021-07-07 13:19:48.313505,396,
7,2021-07-07 13:19:48.363006,49501,
15,2021-07-07 13:19:48.363499,493,
14,2021-07-07 13:19:48.364147,648,
15,2021-07-07 13:19:48.414641,50494,
9,2021-07-07 13:19:48.416175,1534,
8,2021-07-07 13:19:48.418421,2246,
10,2021-07-07 13:19:48.464718,46297,
241,2021-07-07 13:19:48.466152,1434,
239,2021-07-07 13:19:48.467353,1201,
237,2021-07-07 13:19:48.514610,47257,
253,2021-07-07 13:19:48.515901,1291,
253,2021-07-07 13:19:48.517228,1327,
254,2021-07-07 13:19:48.564595,47367,
241,2021-07-07 13:19:48.566141,1546,
242,2021-07-07 13:19:48.567394,1253,
244,2021-07-07 13:19:48.614733,47339,
12,2021-07-07 13:19:48.616359,1626,
13,2021-07-07 13:19:48.617560,1201,
14,2021-07-07 13:19:48.664609,47049,
243,2021-07-07 13:19:48.665780,1171,
243,2021-07-07 13:19:48.667232,1452,
244,2021-07-07 13:19:48.713734,46502,
41,2021-07-07 13:19:48.714346,612,
40,2021-07-07 13:19:48.720571,6225,
39,2021-07-07 13:19:48.762611,42040,
250,2021-07-07 13:19:48.762907,296,
250,2021-07-07 13:19:48.763458,551,
250,2021-07-07 13:19:48.812606,49148,
5,2021-07-07 13:19:48.813145,539,
4,2021-07-07 13:19:48.813685,540,
4,2021-07-07 13:19:48.864212,50527,
209,2021-07-07 13:19:48.865482,1270,
209,2021-07-07 13:19:48.866674,1192,
208,2021-07-07 13:19:48.914272,47598,
237,2021-07-07 13:19:48.915847,1575,
237,2021-07-07 13:19:48.917212,1365,
238,2021-07-07 13:19:48.964391,47179,
230,2021-07-07 13:19:48.965733,1342,
230,2021-07-07 13:19:48.966900,1167,
229,2021-07-07 13:19:49.014641,47741,
254,2021-07-07 13:19:49.015957,1316,
0,2021-07-07 13:19:49.017414,1457,
1,2021-07-07 13:19:49.064232,46818,
0,2021-07-07 13:19:49.065466,1234,
1,2021-07-07 13:19:49.072327,6861,
1,2021-07-07 13:19:49.114288,41961,
23,2021-07-07 13:19:49.115513,1225,
23,2021-07-07 13:19:49.116795,1282,
23,2021-07-07 13:19:49.164363,47568,
41,2021-07-07 13:19:49.165709,1346,
42,2021-07-07 13:19:49.167077,1368,
43,2021-07-07 13:19:49.214440,47363,
218,2021-07-07 13:19:49.216211,1771,
218,2021-07-07 13:19:49.218129,1918,
219,2021-07-07 13:19:49.262853,44724,
16,2021-07-07 13:19:49.263240,387,
17,2021-07-07 13:19:49.263700,460,
17,2021-07-07 13:19:49.313433,49733,
32,2021-07-07 13:19:49.314033,600,
32,2021-07-07 13:19:49.314761,728,
32,2021-07-07 13:19:49.363466,48705,
253,2021-07-07 13:19:49.364067,601,
253,2021-07-07 13:19:49.364624,557,
253,2021-07-07 13:19:49.413161,48537,
17,2021-07-07 13:19:49.413621,460,
19,2021-07-07 13:19:49.420759,7138,
20,2021-07-07 13:19:49.463112,42353,
36,2021-07-07 13:19:49.463733,621,
37,2021-07-07 13:19:49.464243,510,
38,2021-07-07 13:19:49.513182,48939,
226,2021-07-07 13:19:49.513644,462,
227,2021-07-07 13:19:49.514275,631,
227,2021-07-07 13:19:49.563681,49406,
33,2021-07-07 13:19:49.564280,599,
32,2021-07-07 13:19:49.565188,908,
32,2021-07-07 13:19:49.613569,48381,
250,2021-07-07 13:19:49.614256,687,
251,2021-07-07 13:19:49.615135,879,
251,2021-07-07 13:19:49.663507,48372,
23,2021-07-07 13:19:49.664295,788,
23,2021-07-07 13:19:49.665245,950,
24,2021-07-07 13:19:49.713320,48075,
249,2021-07-07 13:19:49.713787,467,
250,2021-07-07 13:19:49.714434,647,
250,2021-07-07 13:19:49.763327,48893,
214,2021-07-07 13:19:49.763752,425,
215,2021-07-07 13:19:49.764464,712,
215,2021-07-07 13:19:49.812839,48375,
87,2021-07-07 13:19:49.813294,455,
85,2021-07-07 13:19:49.820492,7198,
87,2021-07-07 13:19:49.862899,42407,
183,2021-07-07 13:19:49.863250,351,
184,2021-07-07 13:19:49.863950,700,
185,2021-07-07 13:19:49.913513,49563,
29,2021-07-07 13:19:49.914291,778,
30,2021-07-07 13:19:49.915452,1161,
30,2021-07-07 13:19:49.964240,48788,
199,2021-07-07 13:19:49.965253,1013,
198,2021-07-07 13:19:49.966375,1122,
199,2021-07-07 13:19:50.013992,47617,
255,2021-07-07 13:19:50.014813,821,
0,2021-07-07 13:19:50.015701,888,
0,2021-07-07 13:19:50.064368,48667,
27,2021-07-07 13:19:50.065673,1305,
42,2021-07-07 13:19:50.066944,1271,
59,2021-07-07 13:19:50.114355,47411,
212,2021-07-07 13:19:50.115807,1452,
212,2021-07-07 13:19:50.117105,1298,
210,2021-07-07 13:19:50.162963,45858,
66,2021-07-07 13:19:50.163244,281,
66,2021-07-07 13:19:50.170473,7229,
66,2021-07-07 13:19:50.212708,42235,
32,2021-07-07 13:19:50.212975,267,
32,2021-07-07 13:19:50.213367,392,
30,2021-07-07 13:19:50.262654,49287,
215,2021-07-07 13:19:50.262997,343,
216,2021-07-07 13:19:50.263425,428,
216,2021-07-07 13:19:50.312542,49117,
37,2021-07-07 13:19:50.312852,310,
38,2021-07-07 13:19:50.313349,497,
37,2021-07-07 13:19:50.362691,49342,
233,2021-07-07 13:19:50.362990,299,
234,2021-07-07 13:19:50.363694,704,
235,2021-07-07 13:19:50.414951,51257,
223,2021-07-07 13:19:50.415807,856,
224,2021-07-07 13:19:50.417219,1412,
225,2021-07-07 13:19:50.462949,45730,
27,2021-07-07 13:19:50.463334,385,
29,2021-07-07 13:19:50.463778,444,
29,2021-07-07 13:19:50.512658,48880,
4,2021-07-07 13:19:50.512982,324,
3,2021-07-07 13:19:50.513431,449,
3,2021-07-07 13:19:50.564777,51346,
10,2021-07-07 13:19:50.566341,1564,
11,2021-07-07 13:19:50.567739,1398,
12,2021-07-07 13:19:50.615163,47424,
205,2021-07-07 13:19:50.616581,1418,
205,2021-07-07 13:19:50.621999,5418,
206,2021-07-07 13:19:50.664633,42634,
255,2021-07-07 13:19:50.666210,1577,
0,2021-07-07 13:19:50.667711,1501,
255,2021-07-07 13:19:50.714748,47037,
244,2021-07-07 13:19:50.716282,1534,
243,2021-07-07 13:19:50.717777,1495,
243,2021-07-07 13:19:50.764596,46819,
253,2021-07-07 13:19:50.766195,1599,
254,2021-07-07 13:19:50.767528,1333,
253,2021-07-07 13:19:50.814546,47018,
240,2021-07-07 13:19:50.816100,1554,
238,2021-07-07 13:19:50.817549,1449,
239,2021-07-07 13:19:50.864446,46897,
218,2021-07-07 13:19:50.866067,1621,
218,2021-07-07 13:19:50.867507,1440,
217,2021-07-07 13:19:50.914468,46961,
1,2021-07-07 13:19:50.916035,1567,
0,2021-07-07 13:19:50.917381,1346,
0,2021-07-07 13:19:50.964476,47095,
0,2021-07-07 13:19:50.966092,1616,
0,2021-07-07 13:19:50.967431,1339,
0,2021-07-07 13:19:51.014753,47322,
20,2021-07-07 13:19:51.016289,1536,
20,2021-07-07 13:19:51.017744,1455,
19,2021-07-07 13:19:51.064753,47009,
6,2021-07-07 13:19:51.066582,1829,
4,2021-07-07 13:19:51.067898,1316,
4,2021-07-07 13:19:51.114746,46848,
217,2021-07-07 13:19:51.116323,1577,
218,2021-07-07 13:19:51.117787,1464,
218,2021-07-07 13:19:51.164053,46266,
238,2021-07-07 13:19:51.165185,1132,
238,2021-07-07 13:19:51.166248,1063,
237,2021-07-07 13:19:51.214768,48520,
229,2021-07-07 13:19:51.215978,1210,
229,2021-07-07 13:19:51.217396,1418,
229,2021-07-07 13:19:51.263440,46044,
214,2021-07-07 13:19:51.263872,432,
214,2021-07-07 13:19:51.264454,582,
214,2021-07-07 13:19:51.312627,48173,
3,2021-07-07 13:19:51.312907,280,
8,2021-07-07 13:19:51.313486,579,
0,2021-07-07 13:19:51.364717,51231,
225,2021-07-07 13:19:51.365945,1228,
227,2021-07-07 13:19:51.372126,6181,
229,2021-07-07 13:19:51.414635,42509,
32,2021-07-07 13:19:51.416117,1482,
33,2021-07-07 13:19:51.417298,1181,
31,2021-07-07 13:19:51.464617,47319,
15,2021-07-07 13:19:51.465795,1178,
13,2021-07-07 13:19:51.467129,1334,
12,2021-07-07 13:19:51.515038,47909,
5,2021-07-07 13:19:51.516410,1372,
6,2021-07-07 13:19:51.518234,1824,
6,2021-07-07 13:19:51.564765,46531,
250,2021-07-07 13:19:51.566326,1561,
249,2021-07-07 13:19:51.567877,1551,
249,2021-07-07 13:19:51.614483,46606,
5,2021-07-07 13:19:51.616391,1908,
6,2021-07-07 13:19:51.617304,913,
5,2021-07-07 13:19:51.664361,47057,
4,2021-07-07 13:19:51.666028,1667,
5,2021-07-07 13:19:51.668538,2510,
5,2021-07-07 13:19:51.714670,46132,
234,2021-07-07 13:19:51.717374,2704,
236,2021-07-07 13:19:51.718072,698,
236,2021-07-07 13:19:51.763009,44937,
12,2021-07-07 13:19:51.763351,342,
12,2021-07-07 13:19:51.770523,7172,
14,2021-07-07 13:19:51.814630,44107,
226,2021-07-07 13:19:51.815681,1051,
225,2021-07-07 13:19:51.817775,2094,
225,2021-07-07 13:19:51.864998,47223,
22,2021-07-07 13:19:51.866451,1453,
23,2021-07-07 13:19:51.868239,1788,
23,2021-07-07 13:19:51.914526,46287,
230,2021-07-07 13:19:51.915767,1241,
231,2021-07-07 13:19:51.917581,1814,
230,2021-07-07 13:19:51.964686,47105,
217,2021-07-07 13:19:51.965968,1282,
218,2021-07-07 13:19:51.967439,1471,
219,2021-07-07 13:19:52.013821,46382,
23,2021-07-07 13:19:52.014297,476,
23,2021-07-07 13:19:52.015022,725,
23,2021-07-07 13:19:52.063945,48923,
208,2021-07-07 13:19:52.064722,777,
208,2021-07-07 13:19:52.065637,915,
209,2021-07-07 13:19:52.112964,47327,
47,2021-07-07 13:19:52.113297,333,
47,2021-07-07 13:19:52.113851,554,
47,2021-07-07 13:19:52.164497,50646,
32,2021-07-07 13:19:52.165590,1093,
33,2021-07-07 13:19:52.166955,1365,
34,2021-07-07 13:19:52.214435,47480,
239,2021-07-07 13:19:52.215804,1369,
238,2021-07-07 13:19:52.216993,1189,
237,2021-07-07 13:19:52.264496,47503,
41,2021-07-07 13:19:52.265763,1267,
42,2021-07-07 13:19:52.272111,6348,
42,2021-07-07 13:19:52.314705,42594,
175,2021-07-07 13:19:52.315805,1100,
176,2021-07-07 13:19:52.317246,1441,
177,2021-07-07 13:19:52.364412,47166,
248,2021-07-07 13:19:52.365876,1464,
246,2021-07-07 13:19:52.367230,1354,
245,2021-07-07 13:19:52.414448,47218,
238,2021-07-07 13:19:52.415792,1344,
238,2021-07-07 13:19:52.417255,1463,
238,2021-07-07 13:19:52.464456,47201,
217,2021-07-07 13:19:52.465728,1272,
216,2021-07-07 13:19:52.466931,1203,
214,2021-07-07 13:19:52.514423,47492,
37,2021-07-07 13:19:52.515787,1364,
34,2021-07-07 13:19:52.517059,1272,
31,2021-07-07 13:19:52.564400,47341,
20,2021-07-07 13:19:52.565571,1171,
19,2021-07-07 13:19:52.566800,1229,
18,2021-07-07 13:19:52.614317,47517,
71,2021-07-07 13:19:52.615565,1248,
72,2021-07-07 13:19:52.621929,6364,
72,2021-07-07 13:19:52.664450,42521,
244,2021-07-07 13:19:52.665644,1194,
245,2021-07-07 13:19:52.666899,1255,
244,2021-07-07 13:19:52.714324,47425,
36,2021-07-07 13:19:52.715657,1333,
38,2021-07-07 13:19:52.717084,1427,
40,2021-07-07 13:19:52.764281,47197,
31,2021-07-07 13:19:52.765640,1359,
31,2021-07-07 13:19:52.767046,1406,
32,2021-07-07 13:19:52.814313,47267,
253,2021-07-07 13:19:52.815761,1448,
254,2021-07-07 13:19:52.817078,1317,
253,2021-07-07 13:19:52.864490,47412,
211,2021-07-07 13:19:52.866064,1574,
210,2021-07-07 13:19:52.867434,1370,
209,2021-07-07 13:19:52.914533,47099,
197,2021-07-07 13:19:52.915933,1400,
197,2021-07-07 13:19:52.917305,1372,
196,2021-07-07 13:19:52.964684,47379,
35,2021-07-07 13:19:52.966187,1503,
34,2021-07-07 13:19:52.968358,2171,
34,2021-07-07 13:19:53.014595,46237,
166,2021-07-07 13:19:53.016020,1425,
166,2021-07-07 13:19:53.017731,1711,
165,2021-07-07 13:19:53.064890,47159,
252,2021-07-07 13:19:53.066065,1175,
250,2021-07-07 13:19:53.067490,1425,
250,2021-07-07 13:19:53.114078,46588,
3,2021-07-07 13:19:53.114994,916,
3,2021-07-07 13:19:53.121532,6538,
2,2021-07-07 13:19:53.164497,42965,
236,2021-07-07 13:19:53.165577,1080,
234,2021-07-07 13:19:53.166874,1297,
234,2021-07-07 13:19:53.213053,46179,
46,2021-07-07 13:19:53.213411,358,
45,2021-07-07 13:19:53.213970,559,
45,2021-07-07 13:19:53.264718,50748,
11,2021-07-07 13:19:53.266166,1448,
11,2021-07-07 13:19:53.267477,1311,
12,2021-07-07 13:19:53.314827,47350,
1,2021-07-07 13:19:53.315957,1130,
1,2021-07-07 13:19:53.317958,2001,
0,2021-07-07 13:19:53.364845,46887,
254,2021-07-07 13:19:53.366510,1665,
254,2021-07-07 13:19:53.368420,1910,
254,2021-07-07 13:19:53.413276,44856,
22,2021-07-07 13:19:53.413743,467,
20,2021-07-07 13:19:53.420716,6973,
19,2021-07-07 13:19:53.462734,42018,
182,2021-07-07 13:19:53.463185,451,
183,2021-07-07 13:19:53.463545,360,
184,2021-07-07 13:19:53.515031,51486,
246,2021-07-07 13:19:53.517875,2844,
247,2021-07-07 13:19:53.518585,710,
249,2021-07-07 13:19:53.563834,45249,
25,2021-07-07 13:19:53.564457,623,
26,2021-07-07 13:19:53.565252,795,
25,2021-07-07 13:19:53.615127,49875,
233,2021-07-07 13:19:53.616219,1092,
230,2021-07-07 13:19:53.618776,2557,
231,2021-07-07 13:19:53.665165,46389,
44,2021-07-07 13:19:53.666443,1278,
45,2021-07-07 13:19:53.667829,1386,
46,2021-07-07 13:19:53.715396,47567,
248,2021-07-07 13:19:53.716146,750,
248,2021-07-07 13:19:53.717210,1064,
248,2021-07-07 13:19:53.764743,47533,
240,2021-07-07 13:19:53.765728,985,
239,2021-07-07 13:19:53.767172,1444,
238,2021-07-07 13:19:53.814750,47578,
17,2021-07-07 13:19:53.816060,1310,
14,2021-07-07 13:19:53.817404,1344,
13,2021-07-07 13:19:53.864606,47202,
195,2021-07-07 13:19:53.865832,1226,
191,2021-07-07 13:19:53.867147,1315,
195,2021-07-07 13:19:53.914585,47438,
24,2021-07-07 13:19:53.915803,1218,
24,2021-07-07 13:19:53.917076,1273,
25,2021-07-07 13:19:53.964326,47250,
25,2021-07-07 13:19:53.965709,1383,
25,2021-07-07 13:19:53.967093,1384,
26,2021-07-07 13:19:54.014672,47579,
255,2021-07-07 13:19:54.015759,1087,
0,2021-07-07 13:19:54.017210,1451,
255,2021-07-07 13:19:54.064613,47403,
252,2021-07-07 13:19:54.065968,1355,
251,2021-07-07 13:19:54.067187,1219,
251,2021-07-07 13:19:54.114823,47636,
33,2021-07-07 13:19:54.116190,1367,
34,2021-07-07 13:19:54.117756,1566,
35,2021-07-07 13:19:54.164773,47017,
47,2021-07-07 13:19:54.165983,1210,
48,2021-07-07 13:19:54.167534,1551,
45,2021-07-07 13:19:54.214515,46981,
1,2021-07-07 13:19:54.216005,1490,
2,2021-07-07 13:19:54.222626,6621,
5,2021-07-07 13:19:54.264536,41910,
25,2021-07-07 13:19:54.265653,1117,
24,2021-07-07 13:19:54.267243,1590,
25,2021-07-07 13:19:54.314809,47566,
77,2021-07-07 13:19:54.315899,1090,
77,2021-07-07 13:19:54.317855,1956,
76,2021-07-07 13:19:54.364549,46694,
186,2021-07-07 13:19:54.365990,1441,
186,2021-07-07 13:19:54.367106,1116,
185,2021-07-07 13:19:54.414419,47313,
37,2021-07-07 13:19:54.415737,1318,
38,2021-07-07 13:19:54.417271,1534,
38,2021-07-07 13:19:54.464409,47138,
188,2021-07-07 13:19:54.465744,1335,
188,2021-07-07 13:19:54.467267,1523,
190,2021-07-07 13:19:54.515237,47970,
9,2021-07-07 13:19:54.517119,1882,
9,2021-07-07 13:19:54.518447,1328,
8,2021-07-07 13:19:54.562631,44184,
30,2021-07-07 13:19:54.562951,320,
31,2021-07-07 13:19:54.563566,615,
31,2021-07-07 13:19:54.613303,49737,
193,2021-07-07 13:19:54.613913,610,
195,2021-07-07 13:19:54.614591,678,
195,2021-07-07 13:19:54.664256,49665,
28,2021-07-07 13:19:54.665641,1385,
28,2021-07-07 13:19:54.671930,6289,
29,2021-07-07 13:19:54.714635,42705,
11,2021-07-07 13:19:54.715808,1173,
10,2021-07-07 13:19:54.717099,1291,
8,2021-07-07 13:19:54.762741,45642,
9,2021-07-07 13:19:54.763135,394,
10,2021-07-07 13:19:54.763538,403,
11,2021-07-07 13:19:54.814194,50656,
230,2021-07-07 13:19:54.815219,1025,
231,2021-07-07 13:19:54.816408,1189,
231,2021-07-07 13:19:54.864788,48380,
218,2021-07-07 13:19:54.866086,1298,
221,2021-07-07 13:19:54.867269,1183,
221,2021-07-07 13:19:54.914861,47592,
252,2021-07-07 13:19:54.916021,1160,
253,2021-07-07 13:19:54.916944,923,
255,2021-07-07 13:19:54.964556,47612,
233,2021-07-07 13:19:54.965973,1417,
231,2021-07-07 13:19:54.967139,1166,
230,2021-07-07 13:19:55.014267,47128,
250,2021-07-07 13:19:55.015516,1249,
251,2021-07-07 13:19:55.022083,6567,
251,2021-07-07 13:19:55.064321,42238,
240,2021-07-07 13:19:55.065741,1420,
240,2021-07-07 13:19:55.066760,1019,
241,2021-07-07 13:19:55.114331,47571,
235,2021-07-07 13:19:55.115691,1360,
236,2021-07-07 13:19:55.117064,1373,
236,2021-07-07 13:19:55.164338,47274,
26,2021-07-07 13:19:55.165823,1485,
27,2021-07-07 13:19:55.167184,1361,
28,2021-07-07 13:19:55.214666,47482,
2,2021-07-07 13:19:55.216361,1695,
2,2021-07-07 13:19:55.218005,1644,
2,2021-07-07 13:19:55.264750,46745,
251,2021-07-07 13:19:55.266307,1557,
252,2021-07-07 13:19:55.267596,1289,
252,2021-07-07 13:19:55.314574,46978,
233,2021-07-07 13:19:55.315909,1335,
233,2021-07-07 13:19:55.317192,1283,
233,2021-07-07 13:19:55.364498,47306,
222,2021-07-07 13:19:55.366229,1731,
222,2021-07-07 13:19:55.372005,5776,
223,2021-07-07 13:19:55.414556,42551,
41,2021-07-07 13:19:55.416191,1635,
40,2021-07-07 13:19:55.417273,1082,
40,2021-07-07 13:19:55.464586,47313,
254,2021-07-07 13:19:55.465835,1249,
3,2021-07-07 13:19:55.467119,1284,
2,2021-07-07 13:19:55.514562,47443,
18,2021-07-07 13:19:55.515904,1342,
22,2021-07-07 13:19:55.517285,1381,
23,2021-07-07 13:19:55.564700,47415,
16,2021-07-07 13:19:55.565963,1263,
14,2021-07-07 13:19:55.567288,1325,
13,2021-07-07 13:19:55.614458,47170,
79,2021-07-07 13:19:55.616655,2197,
80,2021-07-07 13:19:55.617439,784,
78,2021-07-07 13:19:55.664685,47246,
235,2021-07-07 13:19:55.665732,1047,
232,2021-07-07 13:19:55.667507,1775,
233,2021-07-07 13:19:55.715061,47554,
23,2021-07-07 13:19:55.716197,1136,
23,2021-07-07 13:19:55.717146,949,
24,2021-07-07 13:19:55.764877,47731,
241,2021-07-07 13:19:55.765806,929,
244,2021-07-07 13:19:55.771976,6170,
246,2021-07-07 13:19:55.814628,42652,
6,2021-07-07 13:19:55.816082,1454,
6,2021-07-07 13:19:55.817824,1742,
6,2021-07-07 13:19:55.864490,46666,
222,2021-07-07 13:19:55.865721,1231,
222,2021-07-07 13:19:55.867293,1572,
221,2021-07-07 13:19:55.914512,47219,
6,2021-07-07 13:19:55.916035,1523,
7,2021-07-07 13:19:55.917611,1576,
6,2021-07-07 13:19:55.965154,47543,
8,2021-07-07 13:19:55.966323,1169,
8,2021-07-07 13:19:55.968145,1822,
8,2021-07-07 13:19:56.014820,46675,
228,2021-07-07 13:19:56.016391,1571,
235,2021-07-07 13:19:56.017866,1475,
241,2021-07-07 13:19:56.064719,46853,
29,2021-07-07 13:19:56.066302,1583,
25,2021-07-07 13:19:56.067673,1371,
30,2021-07-07 13:19:56.114536,46863,
1,2021-07-07 13:19:56.116153,1617,
3,2021-07-07 13:19:56.117605,1452,
2,2021-07-07 13:19:56.164417,46812,
60,2021-07-07 13:19:56.165727,1310,
56,2021-07-07 13:19:56.171922,6195,
52,2021-07-07 13:19:56.214347,42425,
199,2021-07-07 13:19:56.215734,1387,
198,2021-07-07 13:19:56.217084,1350,
198,2021-07-07 13:19:56.264303,47219,
227,2021-07-07 13:19:56.265620,1317,
226,2021-07-07 13:19:56.267200,1580,
226,2021-07-07 13:19:56.314362,47162,
24,2021-07-07 13:19:56.315668,1306,
24,2021-07-07 13:19:56.316940,1272,
25,2021-07-07 13:19:56.364317,47377,
203,2021-07-07 13:19:56.365596,1279,
209,2021-07-07 13:19:56.366867,1271,
217,2021-07-07 13:19:56.414365,47498,
62,2021-07-07 13:19:56.415720,1355,
64,2021-07-07 13:19:56.417133,1413,
66,2021-07-07 13:19:56.464367,47234,
2,2021-07-07 13:19:56.465690,1323,
2,2021-07-07 13:19:56.467177,1487,
1,2021-07-07 13:19:56.514422,47245,
73,2021-07-07 13:19:56.515811,1389,
61,2021-07-07 13:19:56.516899,1088,
50,2021-07-07 13:19:56.564251,47352,
233,2021-07-07 13:19:56.565790,1539,
249,2021-07-07 13:19:56.567096,1306,
7,2021-07-07 13:19:56.614326,47230,
206,2021-07-07 13:19:56.615745,1419,
224,2021-07-07 13:19:56.616991,1246,
231,2021-07-07 13:19:56.664243,47252,
242,2021-07-07 13:19:56.665672,1429,
11,2021-07-07 13:19:56.666924,1252,
255,2021-07-07 13:19:56.714302,47378,
228,2021-07-07 13:19:56.715898,1596,
243,2021-07-07 13:19:56.717011,1113,
250,2021-07-07 13:19:56.764307,47296,
67,2021-07-07 13:19:56.765636,1329,
62,2021-07-07 13:19:56.767046,1410,
53,2021-07-07 13:19:56.814339,47293,
226,2021-07-07 13:19:56.815648,1309,
226,2021-07-07 13:19:56.816917,1269,
228,2021-07-07 13:19:56.864310,47393,
2,2021-07-07 13:19:56.865601,1291,
2,2021-07-07 13:19:56.866845,1244,
3,2021-07-07 13:19:56.914366,47521,
255,2021-07-07 13:19:56.915623,1257,
251,2021-07-07 13:19:56.922454,6831,
253,2021-07-07 13:19:56.964270,41816,
205,2021-07-07 13:19:56.965645,1375,
206,2021-07-07 13:19:56.966830,1185,
204,2021-07-07 13:19:57.014361,47531,
239,2021-07-07 13:19:57.015738,1377,
243,2021-07-07 13:19:57.017057,1319,
241,2021-07-07 13:19:57.064282,47225,
232,2021-07-07 13:19:57.065726,1444,
235,2021-07-07 13:19:57.067126,1400,
236,2021-07-07 13:19:57.114214,47088,
51,2021-07-07 13:19:57.115555,1341,
52,2021-07-07 13:19:57.116850,1295,
52,2021-07-07 13:19:57.164401,47551,
229,2021-07-07 13:19:57.165620,1219,
228,2021-07-07 13:19:57.166830,1210,
227,2021-07-07 13:19:57.214317,47487,
54,2021-07-07 13:19:57.215580,1263,
57,2021-07-07 13:19:57.216787,1207,
67,2021-07-07 13:19:57.264325,47538,
74,2021-07-07 13:19:57.265658,1333,
66,2021-07-07 13:19:57.266968,1310,
76,2021-07-07 13:19:57.314367,47399,
234,2021-07-07 13:19:57.315534,1167,
234,2021-07-07 13:19:57.316704,1170,
234,2021-07-07 13:19:57.364401,47697,
25,2021-07-07 13:19:57.365423,1022,
23,2021-07-07 13:19:57.372055,6632,
21,2021-07-07 13:19:57.414348,42293,
212,2021-07-07 13:19:57.415608,1260,
211,2021-07-07 13:19:57.416854,1246,
211,2021-07-07 13:19:57.464518,47664,
226,2021-07-07 13:19:57.465895,1377,
227,2021-07-07 13:19:57.467128,1233,
230,2021-07-07 13:19:57.514296,47168,
207,2021-07-07 13:19:57.515711,1415,
206,2021-07-07 13:19:57.516613,902,
208,2021-07-07 13:19:57.564277,47664,
194,2021-07-07 13:19:57.565613,1336,
193,2021-07-07 13:19:57.566862,1249,
193,2021-07-07 13:19:57.614345,47483,
82,2021-07-07 13:19:57.615616,1271,
80,2021-07-07 13:19:57.616754,1138,
79,2021-07-07 13:19:57.664300,47546,
34,2021-07-07 13:19:57.665506,1206,
35,2021-07-07 13:19:57.666795,1289,
35,2021-07-07 13:19:57.714259,47464,
64,2021-07-07 13:19:57.715587,1328,
64,2021-07-07 13:19:57.721963,6376,
64,2021-07-07 13:19:57.764225,42262,
251,2021-07-07 13:19:57.765616,1391,
251,2021-07-07 13:19:57.766822,1206,
252,2021-07-07 13:19:57.814407,47585,
32,2021-07-07 13:19:57.815602,1195,
34,2021-07-07 13:19:57.817017,1415,
36,2021-07-07 13:19:57.865131,48114,
211,2021-07-07 13:19:57.866670,1539,
213,2021-07-07 13:19:57.867598,928,
213,2021-07-07 13:19:57.914436,46838,
56,2021-07-07 13:19:57.915919,1483,
55,2021-07-07 13:19:57.917283,1364,
56,2021-07-07 13:19:57.964343,47060,
212,2021-07-07 13:19:57.965588,1245,
215,2021-07-07 13:19:57.966854,1266,
214,2021-07-07 13:19:58.014300,47446,
227,2021-07-07 13:19:58.015567,1267,
224,2021-07-07 13:19:58.016883,1316,
223,2021-07-07 13:19:58.064331,47448,
29,2021-07-07 13:19:58.065654,1323,
51,2021-07-07 13:19:58.071982,6328,
55,2021-07-07 13:19:58.114317,42335,
194,2021-07-07 13:19:58.115648,1331,
188,2021-07-07 13:19:58.116647,999,
181,2021-07-07 13:19:58.164895,48248,
116,2021-07-07 13:19:58.166210,1315,
120,2021-07-07 13:19:58.167179,969,
145,2021-07-07 13:19:58.214517,47338,
39,2021-07-07 13:19:58.216063,1546,
140,2021-07-07 13:19:58.217176,1113,
220,2021-07-07 13:19:58.264495,47319,
216,2021-07-07 13:19:58.265842,1347,
215,2021-07-07 13:19:58.267044,1202,
227,2021-07-07 13:19:58.314388,47344,
216,2021-07-07 13:19:58.315747,1359,
216,2021-07-07 13:19:58.317076,1329,
225,2021-07-07 13:19:58.364429,47353,
249,2021-07-07 13:19:58.365636,1207,
10,2021-07-07 13:19:58.366862,1226,
242,2021-07-07 13:19:58.414280,47418,
228,2021-07-07 13:19:58.415565,1285,
230,2021-07-07 13:19:58.421961,6396,
226,2021-07-07 13:19:58.464348,42387,
122,2021-07-07 13:19:58.466079,1731,
120,2021-07-07 13:19:58.467443,1364,
120,2021-07-07 13:19:58.514522,47079,
227,2021-07-07 13:19:58.515841,1319,
223,2021-07-07 13:19:58.517181,1340,
229,2021-07-07 13:19:58.564487,47306,
182,2021-07-07 13:19:58.565828,1341,
182,2021-07-07 13:19:58.567059,1231,
183,2021-07-07 13:19:58.614414,47355,
196,2021-07-07 13:19:58.615805,1391,
200,2021-07-07 13:19:58.617089,1284,
199,2021-07-07 13:19:58.664480,47391,
208,2021-07-07 13:19:58.666155,1675,
208,2021-07-07 13:19:58.667355,1200,
209,2021-07-07 13:19:58.714518,47163,
158,2021-07-07 13:19:58.715797,1279,
157,2021-07-07 13:19:58.717138,1341,
156,2021-07-07 13:19:58.764611,47473,
11,2021-07-07 13:19:58.765919,1308,
11,2021-07-07 13:19:58.772215,6296,
12,2021-07-07 13:19:58.814700,42485,
209,2021-07-07 13:19:58.815815,1115,
208,2021-07-07 13:19:58.817491,1676,
208,2021-07-07 13:19:58.864508,47017,
2,2021-07-07 13:19:58.865830,1322,
1,2021-07-07 13:19:58.867326,1496,
2,2021-07-07 13:19:58.914785,47459,
250,2021-07-07 13:19:58.918893,4108,
250,2021-07-07 13:19:58.919553,660,
249,2021-07-07 13:19:58.964739,45186,
188,2021-07-07 13:19:58.965796,1057,
188,2021-07-07 13:19:58.967054,1258,
188,2021-07-07 13:19:59.015259,48205,
238,2021-07-07 13:19:59.017636,2377,
238,2021-07-07 13:19:59.019655,2019,
241,2021-07-07 13:19:59.062812,43157,
3,2021-07-07 13:19:59.063237,425,
3,2021-07-07 13:19:59.063661,424,
3,2021-07-07 13:19:59.113433,49772,
59,2021-07-07 13:19:59.114287,854,
65,2021-07-07 13:19:59.115048,761,
73,2021-07-07 13:19:59.164864,49816,
191,2021-07-07 13:19:59.166394,1530,
189,2021-07-07 13:19:59.167886,1492,
191,2021-07-07 13:19:59.214727,46841,
52,2021-07-07 13:19:59.216259,1532,
50,2021-07-07 13:19:59.217702,1443,
50,2021-07-07 13:19:59.264592,46890,
42,2021-07-07 13:19:59.266177,1585,
39,2021-07-07 13:19:59.267497,1320,
34,2021-07-07 13:19:59.314592,47095,
16,2021-07-07 13:19:59.316156,1564,
40,2021-07-07 13:19:59.317509,1353,
65,2021-07-07 13:19:59.364473,46964,
62,2021-07-07 13:19:59.366084,1611,
58,2021-07-07 13:19:59.367533,1449,
55,2021-07-07 13:19:59.414816,47283,
185,2021-07-07 13:19:59.416355,1539,
199,2021-07-07 13:19:59.417726,1371,
220,2021-07-07 13:19:59.464308,46582,
60,2021-07-07 13:19:59.465748,1440,
67,2021-07-07 13:19:59.467078,1330,
71,2021-07-07 13:19:59.514436,47358,
123,2021-07-07 13:19:59.515800,1364,
110,2021-07-07 13:19:59.517038,1238,
113,2021-07-07 13:19:59.564795,47757,
94,2021-07-07 13:19:59.566127,1332,
102,2021-07-07 13:19:59.567446,1319,
107,2021-07-07 13:19:59.615127,47681,
171,2021-07-07 13:19:59.616208,1081,
169,2021-07-07 13:19:59.621715,5507,
166,2021-07-07 13:19:59.662710,40995,
58,2021-07-07 13:19:59.663071,361,
57,2021-07-07 13:19:59.663577,506,
57,2021-07-07 13:19:59.712750,49173,
217,2021-07-07 13:19:59.712979,229,
218,2021-07-07 13:19:59.713550,571,
218,2021-07-07 13:19:59.762696,49146,
14,2021-07-07 13:19:59.762946,250,
13,2021-07-07 13:19:59.763611,665,
15,2021-07-07 13:19:59.812794,49183,
249,2021-07-07 13:19:59.812991,197,
250,2021-07-07 13:19:59.813533,542,
249,2021-07-07 13:19:59.862824,49291,
200,2021-07-07 13:19:59.863049,225,
201,2021-07-07 13:19:59.863622,573,
201,2021-07-07 13:19:59.913778,50156,
11,2021-07-07 13:19:59.914386,608,
11,2021-07-07 13:19:59.915150,764,
11,2021-07-07 13:19:59.963559,48409,
211,2021-07-07 13:19:59.964167,608,
209,2021-07-07 13:19:59.965085,918,
208,2021-07-07 13:20:00.013796,48711,
233,2021-07-07 13:20:00.014563,767,
227,2021-07-07 13:20:00.015525,962,
221,2021-07-07 13:20:00.062938,47413,
233,2021-07-07 13:20:00.063281,343,
232,2021-07-07 13:20:00.063772,491,
231,2021-07-07 13:20:00.114802,51030,
101,2021-07-07 13:20:00.115846,1044,
97,2021-07-07 13:20:00.121712,5866,
95,2021-07-07 13:20:00.163312,41600,
42,2021-07-07 13:20:00.163815,503,
49,2021-07-07 13:20:00.164340,525,
44,2021-07-07 13:20:00.213206,48866,
86,2021-07-07 13:20:00.213562,356,
79,2021-07-07 13:20:00.214400,838,
70,2021-07-07 13:20:00.263220,48820,
68,2021-07-07 13:20:00.263578,358,
67,2021-07-07 13:20:00.264187,609,
72,2021-07-07 13:20:00.315385,51198,
20,2021-07-07 13:20:00.316629,1244,
24,2021-07-07 13:20:00.317631,1002,
28,2021-07-07 13:20:00.363659,46028,
233,2021-07-07 13:20:00.364328,669,
233,2021-07-07 13:20:00.365045,717,
230,2021-07-07 13:20:00.412663,47618,
215,2021-07-07 13:20:00.412949,286,
222,2021-07-07 13:20:00.413497,548,
217,2021-07-07 13:20:00.462606,49109,
61,2021-07-07 13:20:00.463005,399,
58,2021-07-07 13:20:00.463567,562,
55,2021-07-07 13:20:00.512788,49221,
230,2021-07-07 13:20:00.513274,486,
229,2021-07-07 13:20:00.520513,7239,
228,2021-07-07 13:20:00.564290,43777,
222,2021-07-07 13:20:00.565714,1424,
223,2021-07-07 13:20:00.567005,1291,
224,2021-07-07 13:20:00.614431,47426,
253,2021-07-07 13:20:00.615801,1370,
253,2021-07-07 13:20:00.617145,1344,
252,2021-07-07 13:20:00.663962,46817,
16,2021-07-07 13:20:00.664799,837,
16,2021-07-07 13:20:00.665668,869,
15,2021-07-07 13:20:00.714565,48897,
34,2021-07-07 13:20:00.716133,1568,
34,2021-07-07 13:20:00.717667,1534,
34,2021-07-07 13:20:00.764988,47321,
212,2021-07-07 13:20:00.766204,1216,
214,2021-07-07 13:20:00.767642,1438,
213,2021-07-07 13:20:00.812770,45128,
74,2021-07-07 13:20:00.813054,284,
72,2021-07-07 13:20:00.813614,560,
83,2021-07-07 13:20:00.863443,49829,
0,2021-07-07 13:20:00.863979,536,
255,2021-07-07 13:20:00.870911,6932,
253,2021-07-07 13:20:00.914397,43486,
214,2021-07-07 13:20:00.915790,1393,
211,2021-07-07 13:20:00.917183,1393,
211,2021-07-07 13:20:00.964331,47148,
102,2021-07-07 13:20:00.965775,1444,
101,2021-07-07 13:20:00.967181,1406,
99,2021-07-07 13:20:01.016330,49149,
13,2021-07-07 13:20:01.017724,1394,
10,2021-07-07 13:20:01.018357,633,
8,2021-07-07 13:20:01.063086,44729,
71,2021-07-07 13:20:01.063429,343,
80,2021-07-07 13:20:01.063826,397,
84,2021-07-07 13:20:01.112790,48964,
33,2021-07-07 13:20:01.113025,235,
24,2021-07-07 13:20:01.113574,549,
18,2021-07-07 13:20:01.164008,50434,
234,2021-07-07 13:20:01.164645,637,
233,2021-07-07 13:20:01.165351,706,
229,2021-07-07 13:20:01.214938,49587,
191,2021-07-07 13:20:01.217143,2205,
190,2021-07-07 13:20:01.222781,5638,
186,2021-07-07 13:20:01.265344,42563,
167,2021-07-07 13:20:01.266444,1100,
167,2021-07-07 13:20:01.267574,1130,
167,2021-07-07 13:20:01.315174,47600,
60,2021-07-07 13:20:01.316781,1607,
50,2021-07-07 13:20:01.318468,1687,
37,2021-07-07 13:20:01.362839,44371,
255,2021-07-07 13:20:01.363239,400,
252,2021-07-07 13:20:01.363596,357,
248,2021-07-07 13:20:01.412667,49071,
56,2021-07-07 13:20:01.412979,312,
36,2021-07-07 13:20:01.413590,611,
50,2021-07-07 13:20:01.462700,49110,
52,2021-07-07 13:20:01.463062,362,
41,2021-07-07 13:20:01.463678,616,
34,2021-07-07 13:20:01.514348,50670,
33,2021-07-07 13:20:01.515679,1331,
32,2021-07-07 13:20:01.517089,1410,
33,2021-07-07 13:20:01.564510,47421,
52,2021-07-07 13:20:01.565949,1439,
64,2021-07-07 13:20:01.567304,1355,
70,2021-07-07 13:20:01.614485,47181,
235,2021-07-07 13:20:01.615939,1454,
243,2021-07-07 13:20:01.622100,6161,
255,2021-07-07 13:20:01.663114,41014,
241,2021-07-07 13:20:01.663553,439,
231,2021-07-07 13:20:01.664157,604,
221,2021-07-07 13:20:01.712800,48643,
185,2021-07-07 13:20:01.713012,212,
188,2021-07-07 13:20:01.713656,644,
190,2021-07-07 13:20:01.762922,49266,
27,2021-07-07 13:20:01.763282,360,
29,2021-07-07 13:20:01.763827,545,
26,2021-07-07 13:20:01.814433,50606,
14,2021-07-07 13:20:01.815611,1178,
11,2021-07-07 13:20:01.817081,1470,
10,2021-07-07 13:20:01.864415,47334,
228,2021-07-07 13:20:01.865720,1305,
228,2021-07-07 13:20:01.866870,1150,
229,2021-07-07 13:20:01.914572,47702,
0,2021-07-07 13:20:01.916232,1660,
255,2021-07-07 13:20:01.917703,1471,
255,2021-07-07 13:20:01.964518,46815,
1,2021-07-07 13:20:01.965887,1369,
1,2021-07-07 13:20:01.967076,1189,
0,2021-07-07 13:20:02.014650,47574,
8,2021-07-07 13:20:02.016048,1398,
11,2021-07-07 13:20:02.017390,1342,
15,2021-07-07 13:20:02.064503,47113,
29,2021-07-07 13:20:02.065698,1195,
28,2021-07-07 13:20:02.066905,1207,
28,2021-07-07 13:20:02.114471,47566,
208,2021-07-07 13:20:02.115775,1304,
208,2021-07-07 13:20:02.116898,1123,
208,2021-07-07 13:20:02.164372,47474,
0,2021-07-07 13:20:02.165673,1301,
0,2021-07-07 13:20:02.167166,1493,
1,2021-07-07 13:20:02.214498,47332,
211,2021-07-07 13:20:02.216500,2002,
210,2021-07-07 13:20:02.217250,750,
211,2021-07-07 13:20:02.264349,47099,
32,2021-07-07 13:20:02.265623,1274,
35,2021-07-07 13:20:02.272182,6559,
35,2021-07-07 13:20:02.315247,43065,
0,2021-07-07 13:20:02.317217,1970,
1,2021-07-07 13:20:02.318747,1530,
4,2021-07-07 13:20:02.362924,44177,
170,2021-07-07 13:20:02.363354,430,
171,2021-07-07 13:20:02.363816,462,
170,2021-07-07 13:20:02.412704,48888,
69,2021-07-07 13:20:02.413103,399,
71,2021-07-07 13:20:02.413622,519,
72,2021-07-07 13:20:02.463356,49734,
239,2021-07-07 13:20:02.464138,782,
239,2021-07-07 13:20:02.465008,870,
240,2021-07-07 13:20:02.514452,49444,
29,2021-07-07 13:20:02.515809,1357,
30,2021-07-07 13:20:02.517105,1296,
30,2021-07-07 13:20:02.564496,47391,
6,2021-07-07 13:20:02.565639,1143,
6,2021-07-07 13:20:02.566943,1304,
5,2021-07-07 13:20:02.614484,47541,
229,2021-07-07 13:20:02.615770,1286,
229,2021-07-07 13:20:02.617129,1359,
228,2021-07-07 13:20:02.664572,47443,
211,2021-07-07 13:20:02.665737,1165,
210,2021-07-07 13:20:02.672523,6786,
208,2021-07-07 13:20:02.714695,42172,
232,2021-07-07 13:20:02.716057,1362,
233,2021-07-07 13:20:02.717374,1317,
234,2021-07-07 13:20:02.764415,47041,
144,2021-07-07 13:20:02.766011,1596,
145,2021-07-07 13:20:02.767376,1365,
145,2021-07-07 13:20:02.814316,46940,
42,2021-07-07 13:20:02.815623,1307,
44,2021-07-07 13:20:02.816906,1283,
47,2021-07-07 13:20:02.864287,47381,
38,2021-07-07 13:20:02.865617,1330,
37,2021-07-07 13:20:02.866924,1307,
35,2021-07-07 13:20:02.914363,47439,
23,2021-07-07 13:20:02.915760,1397,
23,2021-07-07 13:20:02.917096,1336,
28,2021-07-07 13:20:03.014451,97355,
41,2021-07-07 13:20:03.015518,1067,
40,2021-07-07 13:20:03.016633,1115,
40,2021-07-07 13:20:03.017883,1250,
1,2021-07-07 13:20:03.062780,44897,
34,2021-07-07 13:20:03.063125,345,
46,2021-07-07 13:20:03.063688,563,
38,2021-07-07 13:20:03.112827,49139,
212,2021-07-07 13:20:03.113220,393,
212,2021-07-07 13:20:03.113710,490,
211,2021-07-07 13:20:03.164382,50672,
54,2021-07-07 13:20:03.165645,1263,
47,2021-07-07 13:20:03.214762,49117,
36,2021-07-07 13:20:03.216388,1626,
217,2021-07-07 13:20:03.220046,3658,
220,2021-07-07 13:20:03.220689,643,
226,2021-07-07 13:20:03.264489,43800,
204,2021-07-07 13:20:03.265985,1496,
207,2021-07-07 13:20:03.267433,1448,
208,2021-07-07 13:20:03.313110,45677,
35,2021-07-07 13:20:03.313511,401,
38,2021-07-07 13:20:03.313895,384,
39,2021-07-07 13:20:03.362826,48931,
56,2021-07-07 13:20:03.363112,286,
51,2021-07-07 13:20:03.363596,484,
48,2021-07-07 13:20:03.413004,49408,
176,2021-07-07 13:20:03.413524,520,
178,2021-07-07 13:20:03.414032,508,
177,2021-07-07 13:20:03.464651,50619,
57,2021-07-07 13:20:03.466140,1489,
57,2021-07-07 13:20:03.472222,6082,
58,2021-07-07 13:20:03.514589,42367,
193,2021-07-07 13:20:03.516174,1585,
196,2021-07-07 13:20:03.517753,1579,
193,2021-07-07 13:20:03.564583,46830,
73,2021-07-07 13:20:03.566896,2313,
72,2021-07-07 13:20:03.567871,975,
72,2021-07-07 13:20:03.614661,46790,
159,2021-07-07 13:20:03.616243,1582,
155,2021-07-07 13:20:03.617608,1365,
156,2021-07-07 13:20:03.664560,46952,
227,2021-07-07 13:20:03.666165,1605,
226,2021-07-07 13:20:03.667583,1418,
224,2021-07-07 13:20:03.714591,47008,
205,2021-07-07 13:20:03.716157,1566,
206,2021-07-07 13:20:03.717569,1412,
206,2021-07-07 13:20:03.763044,45475,
195,2021-07-07 13:20:03.763249,205,
192,2021-07-07 13:20:03.770488,7239,
190,2021-07-07 13:20:03.815022,44534,
223,2021-07-07 13:20:03.817001,1979,
222,2021-07-07 13:20:03.818572,1571,
225,2021-07-07 13:20:03.864713,46141,
245,2021-07-07 13:20:03.866128,1415,
241,2021-07-07 13:20:03.867431,1303,
239,2021-07-07 13:20:03.914411,46980,
16,2021-07-07 13:20:03.915762,1351,
17,2021-07-07 13:20:03.917142,1380,
18,2021-07-07 13:20:03.964380,47238,
205,2021-07-07 13:20:03.965685,1305,
204,2021-07-07 13:20:03.966925,1240,
205,2021-07-07 13:20:04.014384,47459,
226,2021-07-07 13:20:04.015782,1398,
222,2021-07-07 13:20:04.016892,1110,
222,2021-07-07 13:20:04.064618,47726,
161,2021-07-07 13:20:04.066235,1617,
155,2021-07-07 13:20:04.067329,1094,
152,2021-07-07 13:20:04.113872,46543,
206,2021-07-07 13:20:04.114637,765,
206,2021-07-07 13:20:04.120944,6307,
205,2021-07-07 13:20:04.164954,44010,
219,2021-07-07 13:20:04.166484,1530,
222,2021-07-07 13:20:04.167775,1291,
221,2021-07-07 13:20:04.214630,46855,
255,2021-07-07 13:20:04.216195,1565,
249,2021-07-07 13:20:04.217916,1721,
247,2021-07-07 13:20:04.264564,46648,
76,2021-07-07 13:20:04.266175,1611,
67,2021-07-07 13:20:04.267528,1353,
56,2021-07-07 13:20:04.314588,47060,
124,2021-07-07 13:20:04.316162,1574,
125,2021-07-07 13:20:04.317673,1511,
130,2021-07-07 13:20:04.364775,47102,
199,2021-07-07 13:20:04.366325,1550,
201,2021-07-07 13:20:04.367662,1337,
204,2021-07-07 13:20:04.413026,45364,
230,2021-07-07 13:20:04.413500,474,
239,2021-07-07 13:20:04.414036,536,
247,2021-07-07 13:20:04.464119,50083,
199,2021-07-07 13:20:04.465181,1062,
206,2021-07-07 13:20:04.466075,894,
216,2021-07-07 13:20:04.514808,48733,
65,2021-07-07 13:20:04.516337,1529,
67,2021-07-07 13:20:04.517701,1364,
68,2021-07-07 13:20:04.564612,46911,
234,2021-07-07 13:20:04.566214,1602,
237,2021-07-07 13:20:04.567720,1506,
239,2021-07-07 13:20:04.614629,46909,
215,2021-07-07 13:20:04.616185,1556,
214,2021-07-07 13:20:04.617562,1377,
211,2021-07-07 13:20:04.664839,47277,
6,2021-07-07 13:20:04.666799,1960,
4,2021-07-07 13:20:04.668575,1776,
0,2021-07-07 13:20:04.715287,46712,
238,2021-07-07 13:20:04.717616,2329,
238,2021-07-07 13:20:04.718990,1374,
238,2021-07-07 13:20:04.763011,44021,
78,2021-07-07 13:20:04.763257,246,
76,2021-07-07 13:20:04.763789,532,
67,2021-07-07 13:20:04.814479,50690,
240,2021-07-07 13:20:04.815705,1226,
239,2021-07-07 13:20:04.816903,1198,
240,2021-07-07 13:20:04.864426,47523,
45,2021-07-07 13:20:04.865731,1305,
46,2021-07-07 13:20:04.867095,1364,
45,2021-07-07 13:20:04.964720,97625,
41,2021-07-07 13:20:04.965825,1105,
40,2021-07-07 13:20:04.967192,1367,
40,2021-07-07 13:20:05.013067,45875,
52,2021-07-07 13:20:05.013429,362,
51,2021-07-07 13:20:05.020831,7402,
48,2021-07-07 13:20:05.064601,43770,
19,2021-07-07 13:20:05.065874,1273,
23,2021-07-07 13:20:05.067212,1338,
23,2021-07-07 13:20:05.114707,47495,
41,2021-07-07 13:20:05.115852,1145,
46,2021-07-07 13:20:05.117213,1361,
50,2021-07-07 13:20:05.214032,96819,
198,2021-07-07 13:20:05.214861,829,
196,2021-07-07 13:20:05.215740,879,
195,2021-07-07 13:20:05.216612,872,
245,2021-07-07 13:20:05.264950,48338,
92,2021-07-07 13:20:05.266134,1184,
88,2021-07-07 13:20:05.267652,1518,
85,2021-07-07 13:20:05.312747,45095,
218,2021-07-07 13:20:05.313103,356,
214,2021-07-07 13:20:05.313620,517,
210,2021-07-07 13:20:05.362789,49169,
111,2021-07-07 13:20:05.363011,222,
109,2021-07-07 13:20:05.363636,625,
112,2021-07-07 13:20:05.412947,49311,
234,2021-07-07 13:20:05.413294,347,
231,2021-07-07 13:20:05.413958,664,
226,2021-07-07 13:20:05.464350,50392,
188,2021-07-07 13:20:05.465691,1341,
185,2021-07-07 13:20:05.466914,1223,
186,2021-07-07 13:20:05.514727,47813,
235,2021-07-07 13:20:05.516068,1341,
235,2021-07-07 13:20:05.522229,6161,
239,2021-07-07 13:20:05.565491,43262,
244,2021-07-07 13:20:05.566722,1231,
242,2021-07-07 13:20:05.568061,1339,
241,2021-07-07 13:20:05.614156,46095,
109,2021-07-07 13:20:05.615249,1093,
105,2021-07-07 13:20:05.616726,1477,
101,2021-07-07 13:20:05.666532,49806,
45,2021-07-07 13:20:05.669048,2516,
40,2021-07-07 13:20:05.670788,1740,
32,2021-07-07 13:20:05.714723,43935,
54,2021-07-07 13:20:05.715830,1107,
51,2021-07-07 13:20:05.717139,1309,
48,2021-07-07 13:20:05.764673,47534,
64,2021-07-07 13:20:05.765774,1101,
62,2021-07-07 13:20:05.766998,1224,
61,2021-07-07 13:20:05.814828,47830,
225,2021-07-07 13:20:05.815899,1071,
226,2021-07-07 13:20:05.817229,1330,
224,2021-07-07 13:20:05.865064,47835,
187,2021-07-07 13:20:05.866868,1804,
185,2021-07-07 13:20:05.868557,1689,
183,2021-07-07 13:20:05.913120,44563,
210,2021-07-07 13:20:05.913652,532,
208,2021-07-07 13:20:05.914016,364,
205,2021-07-07 13:20:05.963961,49945,
244,2021-07-07 13:20:05.964584,623,
250,2021-07-07 13:20:05.971444,6860,
254,2021-07-07 13:20:06.014626,43182,
240,2021-07-07 13:20:06.015833,1207,
245,2021-07-07 13:20:06.017068,1235,
245,2021-07-07 13:20:06.064594,47526,
226,2021-07-07 13:20:06.065919,1325,
224,2021-07-07 13:20:06.067204,1285,
225,2021-07-07 13:20:06.114665,47461,
1,2021-07-07 13:20:06.115955,1290,
0,2021-07-07 13:20:06.117196,1241,
255,2021-07-07 13:20:06.165330,48134,
9,2021-07-07 13:20:06.166771,1441,
10,2021-07-07 13:20:06.168616,1845,
9,2021-07-07 13:20:06.213290,44674,
235,2021-07-07 13:20:06.213877,587,
240,2021-07-07 13:20:06.214481,604,
248,2021-07-07 13:20:06.262747,48266,
0,2021-07-07 13:20:06.263006,259,
0,2021-07-07 13:20:06.270290,7284,
1,2021-07-07 13:20:06.313038,42748,
8,2021-07-07 13:20:06.313689,651,
9,2021-07-07 13:20:06.314304,615,
8,2021-07-07 13:20:06.364695,50391,
53,2021-07-07 13:20:06.366220,1525,
54,2021-07-07 13:20:06.367490,1270,
53,2021-07-07 13:20:06.414571,47081,
242,2021-07-07 13:20:06.415903,1332,
241,2021-07-07 13:20:06.417189,1286,
241,2021-07-07 13:20:06.464731,47542,
19,2021-07-07 13:20:06.466580,1849,
19,2021-07-07 13:20:06.467784,1204,
19,2021-07-07 13:20:06.512779,44995,
8,2021-07-07 13:20:06.513052,273,
7,2021-07-07 13:20:06.513631,579,
7,2021-07-07 13:20:06.564708,51077,
214,2021-07-07 13:20:06.565968,1260,
213,2021-07-07 13:20:06.567297,1329,
214,2021-07-07 13:20:06.614587,47290,
29,2021-07-07 13:20:06.615850,1263,
28,2021-07-07 13:20:06.617119,1269,
29,2021-07-07 13:20:06.664517,47398,
47,2021-07-07 13:20:06.665924,1407,
47,2021-07-07 13:20:06.667355,1431,
47,2021-07-07 13:20:06.714679,47324,
29,2021-07-07 13:20:06.715880,1201,
29,2021-07-07 13:20:06.722088,6208,
27,2021-07-07 13:20:06.764978,42890,
46,2021-07-07 13:20:06.767060,2082,
46,2021-07-07 13:20:06.770552,3492,
48,2021-07-07 13:20:06.813000,42448,
75,2021-07-07 13:20:06.813381,381,
81,2021-07-07 13:20:06.813632,251,
77,2021-07-07 13:20:06.864625,50993,
28,2021-07-07 13:20:06.865961,1336,
28,2021-07-07 13:20:06.867165,1204,
27,2021-07-07 13:20:06.914671,47506,
30,2021-07-07 13:20:06.916010,1339,
32,2021-07-07 13:20:06.917279,1269,
33,2021-07-07 13:20:06.965004,47725,
235,2021-07-07 13:20:06.965825,821,
233,2021-07-07 13:20:06.967182,1357,
233,2021-07-07 13:20:07.014679,47497,
34,2021-07-07 13:20:07.016104,1425,
34,2021-07-07 13:20:07.017520,1416,
34,2021-07-07 13:20:07.064460,46940,
108,2021-07-07 13:20:07.065254,794,
106,2021-07-07 13:20:07.071051,5797,
105,2021-07-07 13:20:07.113224,42173,
165,2021-07-07 13:20:07.113693,469,
165,2021-07-07 13:20:07.114251,558,
130,2021-07-07 13:20:07.164720,50469,
26,2021-07-07 13:20:07.166192,1472,
244,2021-07-07 13:20:07.167409,1217,
68,2021-07-07 13:20:07.214580,47171,
237,2021-07-07 13:20:07.215956,1376,
9,2021-07-07 13:20:07.217254,1298,
11,2021-07-07 13:20:07.264438,47184,
163,2021-07-07 13:20:07.265686,1248,
173,2021-07-07 13:20:07.266928,1242,
178,2021-07-07 13:20:07.314483,47555,
252,2021-07-07 13:20:07.315778,1295,
252,2021-07-07 13:20:07.317001,1223,
252,2021-07-07 13:20:07.364596,47595,
158,2021-07-07 13:20:07.365836,1240,
164,2021-07-07 13:20:07.367266,1430,
165,2021-07-07 13:20:07.414441,47175,
248,2021-07-07 13:20:07.415881,1440,
249,2021-07-07 13:20:07.417136,1255,
0,2021-07-07 13:20:07.464416,47280,
196,2021-07-07 13:20:07.465497,1081,
192,2021-07-07 13:20:07.466852,1355,
196,2021-07-07 13:20:07.514726,47874,
234,2021-07-07 13:20:07.516094,1368,
235,2021-07-07 13:20:07.517392,1298,
237,2021-07-07 13:20:07.565460,48068,
32,2021-07-07 13:20:07.570432,4972,
32,2021-07-07 13:20:07.571409,977,
34,2021-07-07 13:20:07.614964,43555,
212,2021-07-07 13:20:07.616379,1415,
212,2021-07-07 13:20:07.617906,1527,
213,2021-07-07 13:20:07.664795,46889,
68,2021-07-07 13:20:07.665867,1072,
70,2021-07-07 13:20:07.667387,1520,
69,2021-07-07 13:20:07.713079,45692,
168,2021-07-07 13:20:07.713388,309,
167,2021-07-07 13:20:07.713785,397,
168,2021-07-07 13:20:07.763434,49649,
46,2021-07-07 13:20:07.764253,819,
45,2021-07-07 13:20:07.771641,7388,
42,2021-07-07 13:20:07.814468,42827,
225,2021-07-07 13:20:07.815862,1394,
225,2021-07-07 13:20:07.816987,1125,
226,2021-07-07 13:20:07.864345,47358,
245,2021-07-07 13:20:07.865707,1362,
244,2021-07-07 13:20:07.867158,1451,
243,2021-07-07 13:20:07.914972,47814,
25,2021-07-07 13:20:07.916128,1156,
24,2021-07-07 13:20:07.917531,1403,
23,2021-07-07 13:20:07.965271,47740,
197,2021-07-07 13:20:07.966356,1085,
196,2021-07-07 13:20:07.967796,1440,
194,2021-07-07 13:20:08.013588,45792,
85,2021-07-07 13:20:08.013985,397,
87,2021-07-07 13:20:08.014566,581,
87,2021-07-07 13:20:08.062828,48262,
202,2021-07-07 13:20:08.063135,307,
207,2021-07-07 13:20:08.063593,458,
210,2021-07-07 13:20:08.113416,49823,
218,2021-07-07 13:20:08.114079,663,
216,2021-07-07 13:20:08.114867,788,
217,2021-07-07 13:20:08.162884,48017,
3,2021-07-07 13:20:08.163176,292,
3,2021-07-07 13:20:08.170300,7124,
2,2021-07-07 13:20:08.212869,42569,
36,2021-07-07 13:20:08.213278,409,
36,2021-07-07 13:20:08.213734,456,
35,2021-07-07 13:20:08.264688,50954,
253,2021-07-07 13:20:08.266520,1832,
252,2021-07-07 13:20:08.267495,975,
251,2021-07-07 13:20:08.314842,47347,
247,2021-07-07 13:20:08.316028,1186,
247,2021-07-07 13:20:08.317499,1471,
246,2021-07-07 13:20:08.363802,46303,
17,2021-07-07 13:20:08.364390,588,
18,2021-07-07 13:20:08.365120,730,
17,2021-07-07 13:20:08.412791,47671,
248,2021-07-07 13:20:08.413134,343,
247,2021-07-07 13:20:08.413583,449,
245,2021-07-07 13:20:08.462780,49197,
213,2021-07-07 13:20:08.463204,424,
213,2021-07-07 13:20:08.470417,7213,
213,2021-07-07 13:20:08.515239,44822,
204,2021-07-07 13:20:08.516735,1496,
203,2021-07-07 13:20:08.519099,2364,
203,2021-07-07 13:20:08.564656,45557,
30,2021-07-07 13:20:08.565902,1246,
31,2021-07-07 13:20:08.567156,1254,
29,2021-07-07 13:20:08.614655,47499,
242,2021-07-07 13:20:08.615912,1257,
241,2021-07-07 13:20:08.617180,1268,
240,2021-07-07 13:20:08.664844,47664,
33,2021-07-07 13:20:08.666144,1300,
32,2021-07-07 13:20:08.667438,1294,
31,2021-07-07 13:20:08.714812,47374,
7,2021-07-07 13:20:08.716368,1556,
8,2021-07-07 13:20:08.717712,1344,
9,2021-07-07 13:20:08.764666,46954,
37,2021-07-07 13:20:08.766164,1498,
38,2021-07-07 13:20:08.767648,1484,
36,2021-07-07 13:20:08.814982,47334,
6,2021-07-07 13:20:08.815953,971,
7,2021-07-07 13:20:08.817370,1417,
5,2021-07-07 13:20:08.865105,47735,
230,2021-07-07 13:20:08.866293,1188,
231,2021-07-07 13:20:08.867635,1342,
231,2021-07-07 13:20:08.914886,47251,
27,2021-07-07 13:20:08.915771,885,
27,2021-07-07 13:20:08.917131,1360,
27,2021-07-07 13:20:08.964573,47442,
249,2021-07-07 13:20:08.965853,1280,
249,2021-07-07 13:20:08.972045,6192,
249,2021-07-07 13:20:09.014772,42727,
19,2021-07-07 13:20:09.016042,1270,
19,2021-07-07 13:20:09.017348,1306,
19,2021-07-07 13:20:09.064571,47223,
35,2021-07-07 13:20:09.065944,1373,
36,2021-07-07 13:20:09.067130,1186,
35,2021-07-07 13:20:09.114703,47573,
239,2021-07-07 13:20:09.115913,1210,
239,2021-07-07 13:20:09.117285,1372,
239,2021-07-07 13:20:09.164573,47288,
85,2021-07-07 13:20:09.166006,1433,
84,2021-07-07 13:20:09.167157,1151,
84,2021-07-07 13:20:09.214572,47415,
233,2021-07-07 13:20:09.215982,1410,
232,2021-07-07 13:20:09.217405,1423,
232,2021-07-07 13:20:09.264688,47283,
46,2021-07-07 13:20:09.266121,1433,
47,2021-07-07 13:20:09.267695,1574,
46,2021-07-07 13:20:09.314988,47293,
27,2021-07-07 13:20:09.316116,1128,
26,2021-07-07 13:20:09.317459,1343,
27,2021-07-07 13:20:09.364703,47244,
189,2021-07-07 13:20:09.365995,1292,
190,2021-07-07 13:20:09.367387,1392,
190,2021-07-07 13:20:09.414745,47358,
232,2021-07-07 13:20:09.415982,1237,
233,2021-07-07 13:20:09.417253,1271,
232,2021-07-07 13:20:09.464475,47222,
218,2021-07-07 13:20:09.465790,1315,
219,2021-07-07 13:20:09.467063,1273,
218,2021-07-07 13:20:09.514409,47346,
228,2021-07-07 13:20:09.515638,1229,
230,2021-07-07 13:20:09.522205,6567,
229,2021-07-07 13:20:09.564485,42280,
28,2021-07-07 13:20:09.567338,2853,
29,2021-07-07 13:20:09.568835,1497,
28,2021-07-07 13:20:09.613387,44552,
216,2021-07-07 13:20:09.613654,267,
247,2021-07-07 13:20:09.614207,553,
248,2021-07-07 13:20:09.662899,48692,
22,2021-07-07 13:20:09.663182,283,
23,2021-07-07 13:20:09.663665,483,
23,2021-07-07 13:20:09.712737,49072,
247,2021-07-07 13:20:09.713062,325,
247,2021-07-07 13:20:09.713656,594,
246,2021-07-07 13:20:09.762866,49210,
10,2021-07-07 13:20:09.763079,213,
11,2021-07-07 13:20:09.763698,619,
11,2021-07-07 13:20:09.812762,49064,
231,2021-07-07 13:20:09.813011,249,
233,2021-07-07 13:20:09.813511,500,
233,2021-07-07 13:20:09.863113,49602,
1,2021-07-07 13:20:09.863270,157,
0,2021-07-07 13:20:09.863631,361,
1,2021-07-07 13:20:09.912796,49165,
31,2021-07-07 13:20:09.913133,337,
32,2021-07-07 13:20:09.913630,497,
31,2021-07-07 13:20:09.962821,49191,
223,2021-07-07 13:20:09.963073,252,
222,2021-07-07 13:20:09.963664,591,
223,2021-07-07 13:20:10.012764,49100,
40,2021-07-07 13:20:10.013104,340,
41,2021-07-07 13:20:10.013638,534,
42,2021-07-07 13:20:10.062791,49153,
253,2021-07-07 13:20:10.063143,352,
255,2021-07-07 13:20:10.063650,507,
255,2021-07-07 13:20:10.113838,50188,
65,2021-07-07 13:20:10.114602,764,
64,2021-07-07 13:20:10.115303,701,
63,2021-07-07 13:20:10.163552,48249,
5,2021-07-07 13:20:10.164152,600,
6,2021-07-07 13:20:10.171263,7111,
6,2021-07-07 13:20:10.213871,42608,
247,2021-07-07 13:20:10.214457,586,
247,2021-07-07 13:20:10.215430,973,
247,2021-07-07 13:20:10.265283,49853,
255,2021-07-07 13:20:10.266100,817,
254,2021-07-07 13:20:10.267391,1291,
254,2021-07-07 13:20:10.314951,47560,
190,2021-07-07 13:20:10.315816,865,
188,2021-07-07 13:20:10.317398,1582,
189,2021-07-07 13:20:10.362806,45408,
31,2021-07-07 13:20:10.363197,391,
30,2021-07-07 13:20:10.363626,429,
29,2021-07-07 13:20:10.413619,49993,
251,2021-07-07 13:20:10.414303,684,
249,2021-07-07 13:20:10.414993,690,
250,2021-07-07 13:20:10.464716,49723,
7,2021-07-07 13:20:10.465856,1140,
7,2021-07-07 13:20:10.467291,1435,
7,2021-07-07 13:20:10.514962,47671,
252,2021-07-07 13:20:10.516084,1122,
251,2021-07-07 13:20:10.517385,1301,
250,2021-07-07 13:20:10.564724,47339,
54,2021-07-07 13:20:10.566243,1519,
48,2021-07-07 13:20:10.568033,1790,
22,2021-07-07 13:20:10.614758,46725,
252,2021-07-07 13:20:10.615906,1148,
252,2021-07-07 13:20:10.617270,1364,
254,2021-07-07 13:20:10.664706,47436,
3,2021-07-07 13:20:10.666026,1320,
2,2021-07-07 13:20:10.667411,1385,
1,2021-07-07 13:20:10.714856,47445,
4,2021-07-07 13:20:10.715895,1039,
3,2021-07-07 13:20:10.717268,1373,
5,2021-07-07 13:20:10.764724,47456,
16,2021-07-07 13:20:10.766192,1468,
17,2021-07-07 13:20:10.767038,846,
17,2021-07-07 13:20:10.814106,47068,
235,2021-07-07 13:20:10.815034,928,
236,2021-07-07 13:20:10.821166,6132,
236,2021-07-07 13:20:10.863616,42450,
218,2021-07-07 13:20:10.864242,626,
218,2021-07-07 13:20:10.865067,825,
218,2021-07-07 13:20:10.914080,49013,
52,2021-07-07 13:20:10.915164,1084,
52,2021-07-07 13:20:10.915736,572,
51,2021-07-07 13:20:10.964327,48591,
236,2021-07-07 13:20:10.965480,1153,
236,2021-07-07 13:20:10.966717,1237,
235,2021-07-07 13:20:11.014420,47703,
35,2021-07-07 13:20:11.015455,1035,
36,2021-07-07 13:20:11.016583,1128,
35,2021-07-07 13:20:11.064309,47726,
248,2021-07-07 13:20:11.065439,1130,
248,2021-07-07 13:20:11.066639,1200,
248,2021-07-07 13:20:11.114977,48338,
39,2021-07-07 13:20:11.116408,1431,
40,2021-07-07 13:20:11.117991,1583,
38,2021-07-07 13:20:11.164926,46935,
26,2021-07-07 13:20:11.166572,1646,
27,2021-07-07 13:20:11.167600,1028,
27,2021-07-07 13:20:11.214952,47352,
251,2021-07-07 13:20:11.216013,1061,
250,2021-07-07 13:20:11.222270,6257,
250,2021-07-07 13:20:11.265132,42862,
0,2021-07-07 13:20:11.266467,1335,
1,2021-07-07 13:20:11.267517,1050,
255,2021-07-07 13:20:11.315036,47519,
66,2021-07-07 13:20:11.316007,971,
65,2021-07-07 13:20:11.317479,1472,
66,2021-07-07 13:20:11.364689,47210,
238,2021-07-07 13:20:11.366162,1473,
237,2021-07-07 13:20:11.367663,1501,
237,2021-07-07 13:20:11.414820,47157,
9,2021-07-07 13:20:11.415878,1058,
8,2021-07-07 13:20:11.417333,1455,
7,2021-07-07 13:20:11.465070,47737,
46,2021-07-07 13:20:11.465970,900,
46,2021-07-07 13:20:11.467634,1664,
46,2021-07-07 13:20:11.512955,45321,
24,2021-07-07 13:20:11.513397,442,
24,2021-07-07 13:20:11.513843,446,
24,2021-07-07 13:20:11.563001,49158,
224,2021-07-07 13:20:11.563410,409,
224,2021-07-07 13:20:11.563753,343,
223,2021-07-07 13:20:11.613000,49247,
2,2021-07-07 13:20:11.613275,275,
1,2021-07-07 13:20:11.620716,7441,
1,2021-07-07 13:20:11.663245,42529,
236,2021-07-07 13:20:11.663683,438,
238,2021-07-07 13:20:11.664229,546,
236,2021-07-07 13:20:11.713329,49100,
2,2021-07-07 13:20:11.713785,456,
1,2021-07-07 13:20:11.714318,533,
0,2021-07-07 13:20:11.763314,48996,
14,2021-07-07 13:20:11.763730,416,
14,2021-07-07 13:20:11.764313,583,
13,2021-07-07 13:20:11.813589,49276,
192,2021-07-07 13:20:11.814185,596,
191,2021-07-07 13:20:11.815473,1288,
191,2021-07-07 13:20:11.863545,48072,
209,2021-07-07 13:20:11.864155,610,
209,2021-07-07 13:20:11.864823,668,
209,2021-07-07 13:20:11.912992,48169,
249,2021-07-07 13:20:11.913526,534,
248,2021-07-07 13:20:11.920533,7007,
249,2021-07-07 13:20:11.962832,42299,
9,2021-07-07 13:20:11.963176,344,
10,2021-07-07 13:20:11.963703,527,
10,2021-07-07 13:20:12.013305,49602,
18,2021-07-07 13:20:12.013701,396,
17,2021-07-07 13:20:12.014253,552,
16,2021-07-07 13:20:12.064325,50072,
231,2021-07-07 13:20:12.065098,773,
231,2021-07-07 13:20:12.066223,1125,
231,2021-07-07 13:20:12.113065,46842,
254,2021-07-07 13:20:12.113461,396,
255,2021-07-07 13:20:12.114025,564,
254,2021-07-07 13:20:12.163115,49090,
7,2021-07-07 13:20:12.163437,322,
7,2021-07-07 13:20:12.164067,630,
7,2021-07-07 13:20:12.213136,49069,
223,2021-07-07 13:20:12.213446,310,
226,2021-07-07 13:20:12.214075,629,
229,2021-07-07 13:20:12.263511,49436,
16,2021-07-07 13:20:12.264137,626,
16,2021-07-07 13:20:12.264953,816,
18,2021-07-07 13:20:12.313910,48957,
16,2021-07-07 13:20:12.314541,631,
16,2021-07-07 13:20:12.315143,602,
15,2021-07-07 13:20:12.364994,49851,
225,2021-07-07 13:20:12.366118,1124,
225,2021-07-07 13:20:12.367380,1262,
225,2021-07-07 13:20:12.414809,47429,
35,2021-07-07 13:20:12.417007,2198,
36,2021-07-07 13:20:12.418729,1722,
37,2021-07-07 13:20:12.464997,46268,
179,2021-07-07 13:20:12.466932,1935,
174,2021-07-07 13:20:12.468287,1355,
170,2021-07-07 13:20:12.514987,46700,
231,2021-07-07 13:20:12.516366,1379,
233,2021-07-07 13:20:12.517577,1211,
233,2021-07-07 13:20:12.564908,47331,
238,2021-07-07 13:20:12.566412,1504,
237,2021-07-07 13:20:12.567602,1190,
236,2021-07-07 13:20:12.614868,47266,
226,2021-07-07 13:20:12.616252,1384,
224,2021-07-07 13:20:12.617634,1382,
224,2021-07-07 13:20:12.664805,47171,
222,2021-07-07 13:20:12.665713,908,
222,2021-07-07 13:20:12.667344,1631,
224,2021-07-07 13:20:12.714726,47382,
249,2021-07-07 13:20:12.716005,1279,
250,2021-07-07 13:20:12.722146,6141,
250,2021-07-07 13:20:12.764787,42641,
11,2021-07-07 13:20:12.766531,1744,
12,2021-07-07 13:20:12.767745,1214,
12,2021-07-07 13:20:12.814814,47069,
254,2021-07-07 13:20:12.816055,1241,
255,2021-07-07 13:20:12.817587,1532,
0,2021-07-07 13:20:12.864716,47129,
36,2021-07-07 13:20:12.866279,1563,
35,2021-07-07 13:20:12.867645,1366,
36,2021-07-07 13:20:12.915053,47408,
232,2021-07-07 13:20:12.916146,1093,
231,2021-07-07 13:20:12.917453,1307,
231,2021-07-07 13:20:12.964706,47253,
240,2021-07-07 13:20:12.965961,1255,
239,2021-07-07 13:20:12.967562,1601,
238,2021-07-07 13:20:13.014704,47142,
29,2021-07-07 13:20:13.016072,1368,
28,2021-07-07 13:20:13.017304,1232,
29,2021-07-07 13:20:13.064875,47571,
239,2021-07-07 13:20:13.065873,998,
241,2021-07-07 13:20:13.067374,1501,
238,2021-07-07 13:20:13.114729,47355,
45,2021-07-07 13:20:13.115967,1238,
45,2021-07-07 13:20:13.117310,1343,
46,2021-07-07 13:20:13.164922,47612,
248,2021-07-07 13:20:13.165898,976,
249,2021-07-07 13:20:13.172139,6241,
248,2021-07-07 13:20:13.214842,42703,
37,2021-07-07 13:20:13.216518,1676,
37,2021-07-07 13:20:13.218097,1579,
36,2021-07-07 13:20:13.264608,46511,
231,2021-07-07 13:20:13.266092,1484,
231,2021-07-07 13:20:13.267147,1055,
231,2021-07-07 13:20:13.313298,46151,
248,2021-07-07 13:20:13.313698,400,
246,2021-07-07 13:20:13.314109,411,
248,2021-07-07 13:20:13.364443,50334,
229,2021-07-07 13:20:13.365638,1195,
229,2021-07-07 13:20:13.366660,1022,
230,2021-07-07 13:20:13.414924,48264,
211,2021-07-07 13:20:13.416141,1217,
213,2021-07-07 13:20:13.417563,1422,
214,2021-07-07 13:20:13.464836,47273,
48,2021-07-07 13:20:13.466232,1396,
47,2021-07-07 13:20:13.467631,1399,
45,2021-07-07 13:20:13.514652,47021,
232,2021-07-07 13:20:13.515936,1284,
232,2021-07-07 13:20:13.522192,6256,
232,2021-07-07 13:20:13.564069,41877,
220,2021-07-07 13:20:13.564998,929,
219,2021-07-07 13:20:13.565931,933,
221,2021-07-07 13:20:13.614062,48131,
38,2021-07-07 13:20:13.615180,1118,
38,2021-07-07 13:20:13.616350,1170,
37,2021-07-07 13:20:13.664226,47876,
232,2021-07-07 13:20:13.665269,1043,
231,2021-07-07 13:20:13.666442,1173,
230,2021-07-07 13:20:13.714536,48094,
241,2021-07-07 13:20:13.715748,1212,
241,2021-07-07 13:20:13.717224,1476,
240,2021-07-07 13:20:13.764433,47209,
220,2021-07-07 13:20:13.765552,1119,
220,2021-07-07 13:20:13.766957,1405,
222,2021-07-07 13:20:13.814563,47606,
59,2021-07-07 13:20:13.815598,1035,
57,2021-07-07 13:20:13.822123,6525,
57,2021-07-07 13:20:13.864524,42401,
253,2021-07-07 13:20:13.865572,1048,
253,2021-07-07 13:20:13.866977,1405,
253,2021-07-07 13:20:13.914806,47829,
24,2021-07-07 13:20:13.916127,1321,
23,2021-07-07 13:20:13.917408,1281,
25,2021-07-07 13:20:13.965226,47818,
237,2021-07-07 13:20:13.966080,854,
235,2021-07-07 13:20:13.967233,1153,
233,2021-07-07 13:20:14.014665,47432,
46,2021-07-07 13:20:14.015957,1292,
45,2021-07-07 13:20:14.017240,1283,
42,2021-07-07 13:20:14.064784,47544,
2,2021-07-07 13:20:14.066520,1736,
2,2021-07-07 13:20:14.067850,1330,
4,2021-07-07 13:20:14.114765,46915,
8,2021-07-07 13:20:14.116161,1396,
9,2021-07-07 13:20:14.117318,1157,
10,2021-07-07 13:20:14.165029,47711,
15,2021-07-07 13:20:14.166280,1251,
14,2021-07-07 13:20:14.167685,1405,
14,2021-07-07 13:20:14.215264,47579,
140,2021-07-07 13:20:14.217387,2123,
143,2021-07-07 13:20:14.219229,1842,
145,2021-07-07 13:20:14.265133,45904,
100,2021-07-07 13:20:14.266417,1284,
99,2021-07-07 13:20:14.267763,1346,
98,2021-07-07 13:20:14.314937,47174,
25,2021-07-07 13:20:14.315817,880,
24,2021-07-07 13:20:14.322254,6437,
25,2021-07-07 13:20:14.364970,42716,
112,2021-07-07 13:20:14.366084,1114,
109,2021-07-07 13:20:14.367487,1403,
105,2021-07-07 13:20:14.414794,47307,
16,2021-07-07 13:20:14.415957,1163,
22,2021-07-07 13:20:14.417620,1663,
26,2021-07-07 13:20:14.464892,47272,
86,2021-07-07 13:20:14.466588,1696,
85,2021-07-07 13:20:14.467445,857,
84,2021-07-07 13:20:14.514967,47522,
0,2021-07-07 13:20:14.516303,1336,
4,2021-07-07 13:20:14.517864,1561,
8,2021-07-07 13:20:14.564866,47002,
15,2021-07-07 13:20:14.566157,1291,
15,2021-07-07 13:20:14.567341,1184,
15,2021-07-07 13:20:14.615132,47791,
78,2021-07-07 13:20:14.616373,1241,
77,2021-07-07 13:20:14.622291,5918,
76,2021-07-07 13:20:14.664722,42431,
18,2021-07-07 13:20:14.665756,1034,
18,2021-07-07 13:20:14.667132,1376,
18,2021-07-07 13:20:14.714837,47705,
233,2021-07-07 13:20:14.716103,1266,
234,2021-07-07 13:20:14.717467,1364,
235,2021-07-07 13:20:14.764848,47381,
29,2021-07-07 13:20:14.766080,1232,
28,2021-07-07 13:20:14.767270,1190,
25,2021-07-07 13:20:14.814710,47440,
63,2021-07-07 13:20:14.816265,1555,
62,2021-07-07 13:20:14.817551,1286,
62,2021-07-07 13:20:14.864734,47183,
211,2021-07-07 13:20:14.866155,1421,
211,2021-07-07 13:20:14.867984,1829,
212,2021-07-07 13:20:14.914846,46862,
218,2021-07-07 13:20:14.916074,1228,
217,2021-07-07 13:20:14.917404,1330,
214,2021-07-07 13:20:14.964875,47471,
245,2021-07-07 13:20:14.966221,1346,
245,2021-07-07 13:20:14.967428,1207,
246,2021-07-07 13:20:15.015014,47586,
228,2021-07-07 13:20:15.016598,1584,
229,2021-07-07 13:20:15.018249,1651,
229,2021-07-07 13:20:15.063287,45038,
236,2021-07-07 13:20:15.063721,434,
234,2021-07-07 13:20:15.064259,538,
233,2021-07-07 13:20:15.112792,48533,
205,2021-07-07 13:20:15.113109,317,
204,2021-07-07 13:20:15.113667,558,
203,2021-07-07 13:20:15.163266,49599,
3,2021-07-07 13:20:15.163737,471,
2,2021-07-07 13:20:15.164315,578,
0,2021-07-07 13:20:15.214502,50187,
15,2021-07-07 13:20:15.216107,1605,
15,2021-07-07 13:20:15.217320,1213,
13,2021-07-07 13:20:15.264442,47122,
208,2021-07-07 13:20:15.266345,1903,
208,2021-07-07 13:20:15.267223,878,
209,2021-07-07 13:20:15.314511,47288,
59,2021-07-07 13:20:15.315891,1380,
59,2021-07-07 13:20:15.322173,6282,
59,2021-07-07 13:20:15.363943,41770,
255,2021-07-07 13:20:15.364655,712,
0,2021-07-07 13:20:15.365462,807,
1,2021-07-07 13:20:15.412808,47346,
241,2021-07-07 13:20:15.413138,330,
235,2021-07-07 13:20:15.413643,505,
231,2021-07-07 13:20:15.462873,49230,
23,2021-07-07 13:20:15.463127,254,
23,2021-07-07 13:20:15.463653,526,
21,2021-07-07 13:20:15.513732,50079,
193,2021-07-07 13:20:15.514311,579,
194,2021-07-07 13:20:15.515177,866,
201,2021-07-07 13:20:15.564628,49451,
253,2021-07-07 13:20:15.566082,1454,
251,2021-07-07 13:20:15.567139,1057,
252,2021-07-07 13:20:15.614721,47582,
2,2021-07-07 13:20:15.615966,1245,
1,2021-07-07 13:20:15.617238,1272,
2,2021-07-07 13:20:15.665095,47857,
249,2021-07-07 13:20:15.666307,1212,
249,2021-07-07 13:20:15.672456,6149,
250,2021-07-07 13:20:15.712943,40487,
19,2021-07-07 13:20:15.713310,367,
31,2021-07-07 13:20:15.713780,470,
15,2021-07-07 13:20:15.762895,49115,
253,2021-07-07 13:20:15.763268,373,
251,2021-07-07 13:20:15.763676,408,
249,2021-07-07 13:20:15.813563,49887,
20,2021-07-07 13:20:15.814239,676,
18,2021-07-07 13:20:15.815034,795,
17,2021-07-07 13:20:15.864513,49479,
2,2021-07-07 13:20:15.865721,1208,
2,2021-07-07 13:20:15.867006,1285,
1,2021-07-07 13:20:15.914516,47510,
220,2021-07-07 13:20:15.915829,1313,
221,2021-07-07 13:20:15.917164,1335,
221,2021-07-07 13:20:15.965067,47903,
26,2021-07-07 13:20:15.966241,1174,
28,2021-07-07 13:20:15.967379,1138,
27,2021-07-07 13:20:16.013876,46497,
249,2021-07-07 13:20:16.014480,604,
247,2021-07-07 13:20:16.021387,6907,
246,2021-07-07 13:20:16.062942,41555,
245,2021-07-07 13:20:16.063276,334,
248,2021-07-07 13:20:16.063732,456,
0,2021-07-07 13:20:16.113798,50066,
42,2021-07-07 13:20:16.114362,564,
41,2021-07-07 13:20:16.115031,669,
37,2021-07-07 13:20:16.163309,48278,
53,2021-07-07 13:20:16.163679,370,
51,2021-07-07 13:20:16.164287,608,
50,2021-07-07 13:20:16.214556,50269,
15,2021-07-07 13:20:16.215786,1230,
16,2021-07-07 13:20:16.217192,1406,
16,2021-07-07 13:20:16.264618,47426,
31,2021-07-07 13:20:16.265900,1282,
31,2021-07-07 13:20:16.267325,1425,
32,2021-07-07 13:20:16.314020,46695,
20,2021-07-07 13:20:16.314550,530,
19,2021-07-07 13:20:16.315317,767,
19,2021-07-07 13:20:16.362805,47488,
23,2021-07-07 13:20:16.363183,378,
29,2021-07-07 13:20:16.363787,604,
34,2021-07-07 13:20:16.413799,50012,
236,2021-07-07 13:20:16.414508,709,
231,2021-07-07 13:20:16.421316,6808,
246,2021-07-07 13:20:16.464694,43378,
233,2021-07-07 13:20:16.465654,960,
235,2021-07-07 13:20:16.466533,879,
234,2021-07-07 13:20:16.515116,48583,
52,2021-07-07 13:20:16.516665,1549,
49,2021-07-07 13:20:16.518062,1397,
49,2021-07-07 13:20:16.564936,46874,
243,2021-07-07 13:20:16.566519,1583,
243,2021-07-07 13:20:16.568457,1938,
242,2021-07-07 13:20:16.613549,45092,
3,2021-07-07 13:20:16.613963,414,
2,2021-07-07 13:20:16.614544,581,
3,2021-07-07 13:20:16.662967,48423,
245,2021-07-07 13:20:16.663452,485,
245,2021-07-07 13:20:16.663752,300,
240,2021-07-07 13:20:16.713789,50037,
250,2021-07-07 13:20:16.714336,547,
252,2021-07-07 13:20:16.720997,6661,
252,2021-07-07 13:20:16.763722,42725,
229,2021-07-07 13:20:16.764482,760,
228,2021-07-07 13:20:16.765381,899,
228,2021-07-07 13:20:16.814499,49118,
34,2021-07-07 13:20:16.815836,1337,
32,2021-07-07 13:20:16.817024,1188,
31,2021-07-07 13:20:16.864934,47910,
202,2021-07-07 13:20:16.866762,1828,
203,2021-07-07 13:20:16.867888,1126,
202,2021-07-07 13:20:16.915056,47168,
9,2021-07-07 13:20:16.916895,1839,
8,2021-07-07 13:20:16.918570,1675,
8,2021-07-07 13:20:16.965027,46457,
201,2021-07-07 13:20:16.966562,1535,
201,2021-07-07 13:20:16.967882,1320,
201,2021-07-07 13:20:17.014200,46318,
220,2021-07-07 13:20:17.015132,932,
219,2021-07-07 13:20:17.016002,870,
224,2021-07-07 13:20:17.064654,48652,
252,2021-07-07 13:20:17.066103,1449,
252,2021-07-07 13:20:17.072155,6052,
254,2021-07-07 13:20:17.114909,42754,
237,2021-07-07 13:20:17.116234,1325,
238,2021-07-07 13:20:17.117323,1089,
238,2021-07-07 13:20:17.165115,47792,
241,2021-07-07 13:20:17.166881,1766,
242,2021-07-07 13:20:17.168112,1231,
242,2021-07-07 13:20:17.214922,46810,
88,2021-07-07 13:20:17.216438,1516,
90,2021-07-07 13:20:17.217837,1399,
89,2021-07-07 13:20:17.264918,47081,
231,2021-07-07 13:20:17.266157,1239,
231,2021-07-07 13:20:17.267433,1276,
233,2021-07-07 13:20:17.314893,47460,
2,2021-07-07 13:20:17.316324,1431,
1,2021-07-07 13:20:17.317416,1092,
3,2021-07-07 13:20:17.364731,47315,
238,2021-07-07 13:20:17.366062,1331,
239,2021-07-07 13:20:17.367297,1235,
239,2021-07-07 13:20:17.415018,47721,
27,2021-07-07 13:20:17.416084,1066,
28,2021-07-07 13:20:17.417567,1483,
28,2021-07-07 13:20:17.464841,47274,
222,2021-07-07 13:20:17.466226,1385,
220,2021-07-07 13:20:17.467418,1192,
219,2021-07-07 13:20:17.515036,47618,
217,2021-07-07 13:20:17.516171,1135,
220,2021-07-07 13:20:17.518028,1857,
224,2021-07-07 13:20:17.565097,47069,
244,2021-07-07 13:20:17.566638,1541,
234,2021-07-07 13:20:17.568010,1372,
234,2021-07-07 13:20:17.615115,47105,
249,2021-07-07 13:20:17.616726,1611,
250,2021-07-07 13:20:17.618181,1455,
252,2021-07-07 13:20:17.664987,46806,
245,2021-07-07 13:20:17.666529,1542,
246,2021-07-07 13:20:17.667902,1373,
246,2021-07-07 13:20:17.714949,47047,
7,2021-07-07 13:20:17.716158,1209,
10,2021-07-07 13:20:17.717515,1357,
10,2021-07-07 13:20:17.764764,47249,
252,2021-07-07 13:20:17.766088,1324,
253,2021-07-07 13:20:17.767343,1255,
252,2021-07-07 13:20:17.813646,46303,
3,2021-07-07 13:20:17.814388,742,
4,2021-07-07 13:20:17.821141,6753,
4,2021-07-07 13:20:17.862910,41769,
25,2021-07-07 13:20:17.863125,215,
26,2021-07-07 13:20:17.863741,616,
29,2021-07-07 13:20:17.913054,49313,
14,2021-07-07 13:20:17.913310,256,
10,2021-07-07 13:20:17.913772,462,
0,2021-07-07 13:20:17.964500,50728,
37,2021-07-07 13:20:17.965437,937,
38,2021-07-07 13:20:17.966287,850,
38,2021-07-07 13:20:18.014634,48347,
15,2021-07-07 13:20:18.015972,1338,
17,2021-07-07 13:20:18.017237,1265,
16,2021-07-07 13:20:18.064694,47457,
10,2021-07-07 13:20:18.066113,1419,
8,2021-07-07 13:20:18.067389,1276,
8,2021-07-07 13:20:18.114915,47526,
69,2021-07-07 13:20:18.116216,1301,
69,2021-07-07 13:20:18.122275,6059,
70,2021-07-07 13:20:18.165562,43287,
45,2021-07-07 13:20:18.166325,763,
45,2021-07-07 13:20:18.167391,1066,
45,2021-07-07 13:20:18.213783,46392,
206,2021-07-07 13:20:18.214375,592,
210,2021-07-07 13:20:18.215095,720,
211,2021-07-07 13:20:18.264129,49034,
3,2021-07-07 13:20:18.265014,885,
2,2021-07-07 13:20:18.265945,931,
0,2021-07-07 13:20:18.314734,48789,
198,2021-07-07 13:20:18.316085,1351,
197,2021-07-07 13:20:18.317219,1134,
198,2021-07-07 13:20:18.364738,47519,
234,2021-07-07 13:20:18.365719,981,
233,2021-07-07 13:20:18.367027,1308,
235,2021-07-07 13:20:18.415020,47993,
214,2021-07-07 13:20:18.416520,1500,
216,2021-07-07 13:20:18.417608,1088,
216,2021-07-07 13:20:18.465265,47657,
224,2021-07-07 13:20:18.466363,1098,
222,2021-07-07 13:20:18.472189,5826,
222,2021-07-07 13:20:18.514644,42455,
57,2021-07-07 13:20:18.515995,1351,
57,2021-07-07 13:20:18.517300,1305,
55,2021-07-07 13:20:18.564568,47268,
16,2021-07-07 13:20:18.566026,1458,
17,2021-07-07 13:20:18.567021,995,
17,2021-07-07 13:20:18.614854,47833,
49,2021-07-07 13:20:18.616165,1311,
51,2021-07-07 13:20:18.617418,1253,
52,2021-07-07 13:20:18.663346,45928,
224,2021-07-07 13:20:18.663892,546,
225,2021-07-07 13:20:18.664391,499,
224,2021-07-07 13:20:18.715008,50617,
229,2021-07-07 13:20:18.716784,1776,
227,2021-07-07 13:20:18.717937,1153,
227,2021-07-07 13:20:18.765148,47211,
239,2021-07-07 13:20:18.766704,1556,
241,2021-07-07 13:20:18.767657,953,
240,2021-07-07 13:20:18.814873,47216,
225,2021-07-07 13:20:18.815903,1030,
225,2021-07-07 13:20:18.817389,1486,
225,2021-07-07 13:20:18.864566,47177,
207,2021-07-07 13:20:18.865968,1402,
208,2021-07-07 13:20:18.872169,6201,
208,2021-07-07 13:20:18.914664,42495,
7,2021-07-07 13:20:18.915942,1278,
7,2021-07-07 13:20:18.917217,1275,
6,2021-07-07 13:20:18.964883,47666,
21,2021-07-07 13:20:18.966064,1181,
20,2021-07-07 13:20:18.967102,1038,
19,2021-07-07 13:20:19.014581,47479,
31,2021-07-07 13:20:19.015830,1249,
32,2021-07-07 13:20:19.017227,1397,
32,2021-07-07 13:20:19.064593,47366,
38,2021-07-07 13:20:19.065720,1127,
38,2021-07-07 13:20:19.067012,1292,
39,2021-07-07 13:20:19.114561,47549,
194,2021-07-07 13:20:19.115945,1384,
195,2021-07-07 13:20:19.117662,1717,
196,2021-07-07 13:20:19.164670,47008,
248,2021-07-07 13:20:19.166126,1456,
248,2021-07-07 13:20:19.167381,1255,
249,2021-07-07 13:20:19.214683,47302,
236,2021-07-07 13:20:19.216383,1700,
238,2021-07-07 13:20:19.217289,906,
237,2021-07-07 13:20:19.264524,47235,
186,2021-07-07 13:20:19.265788,1264,
185,2021-07-07 13:20:19.267117,1329,
186,2021-07-07 13:20:19.315198,48081,
36,2021-07-07 13:20:19.316326,1128,
37,2021-07-07 13:20:19.317667,1341,
39,2021-07-07 13:20:19.364973,47306,
217,2021-07-07 13:20:19.366298,1325,
217,2021-07-07 13:20:19.367415,1117,
215,2021-07-07 13:20:19.413175,45760,
253,2021-07-07 13:20:19.413577,402,
252,2021-07-07 13:20:19.413911,334,
252,2021-07-07 13:20:19.462796,48885,
71,2021-07-07 13:20:19.463336,540,
71,2021-07-07 13:20:19.463703,367,
72,2021-07-07 13:20:19.512878,49175,
209,2021-07-07 13:20:19.513247,369,
209,2021-07-07 13:20:19.520530,7283,
210,2021-07-07 13:20:19.562824,42294,
48,2021-07-07 13:20:19.563179,355,
48,2021-07-07 13:20:19.563700,521,
47,2021-07-07 13:20:19.612886,49186,
25,2021-07-07 13:20:19.613229,343,
26,2021-07-07 13:20:19.613689,460,
28,2021-07-07 13:20:19.662836,49147,
253,2021-07-07 13:20:19.663143,307,
254,2021-07-07 13:20:19.663724,581,
254,2021-07-07 13:20:19.712925,49201,
36,2021-07-07 13:20:19.713303,378,
37,2021-07-07 13:20:19.713722,419,
38,2021-07-07 13:20:19.762844,49122,
223,2021-07-07 13:20:19.763328,484,
222,2021-07-07 13:20:19.763701,373,
223,2021-07-07 13:20:19.812895,49194,
3,2021-07-07 13:20:19.813318,423,
2,2021-07-07 13:20:19.813691,373,
2,2021-07-07 13:20:19.863555,49864,
253,2021-07-07 13:20:19.864394,839,
254,2021-07-07 13:20:19.865199,805,
252,2021-07-07 13:20:19.914586,49387,
9,2021-07-07 13:20:19.916027,1441,
11,2021-07-07 13:20:19.917250,1223,
12,2021-07-07 13:20:19.964520,47270,
196,2021-07-07 13:20:19.965928,1408,
196,2021-07-07 13:20:19.967022,1094,
195,2021-07-07 13:20:20.014941,47919,
19,2021-07-07 13:20:20.016403,1462,
19,2021-07-07 13:20:20.017882,1479,
19,2021-07-07 13:20:20.064793,46911,
228,2021-07-07 13:20:20.066176,1383,
227,2021-07-07 13:20:20.067555,1379,
225,2021-07-07 13:20:20.114897,47342,
247,2021-07-07 13:20:20.116067,1170,
248,2021-07-07 13:20:20.117930,1863,
249,2021-07-07 13:20:20.164783,46853,
254,2021-07-07 13:20:20.166559,1776,
253,2021-07-07 13:20:20.172312,5753,
253,2021-07-07 13:20:20.215362,43050,
237,2021-07-07 13:20:20.216678,1316,
238,2021-07-07 13:20:20.218124,1446,
237,2021-07-07 13:20:20.264915,46791,
33,2021-07-07 13:20:20.266203,1288,
33,2021-07-07 13:20:20.267784,1581,
32,2021-07-07 13:20:20.314854,47070,
37,2021-07-07 13:20:20.316162,1308,
34,2021-07-07 13:20:20.317893,1731,
34,2021-07-07 13:20:20.365060,47167,
20,2021-07-07 13:20:20.368522,3462,
19,2021-07-07 13:20:20.369179,657,
19,2021-07-07 13:20:20.414925,45746,
27,2021-07-07 13:20:20.416161,1236,
26,2021-07-07 13:20:20.417145,984,
31,2021-07-07 13:20:20.464189,47044,
189,2021-07-07 13:20:20.465101,912,
190,2021-07-07 13:20:20.465896,795,
189,2021-07-07 13:20:20.512948,47052,
20,2021-07-07 13:20:20.513242,294,
20,2021-07-07 13:20:20.513771,529,
19,2021-07-07 13:20:20.563378,49607,
228,2021-07-07 13:20:20.563877,499,
229,2021-07-07 13:20:20.571355,7478,
230,2021-07-07 13:20:20.614565,43210,
218,2021-07-07 13:20:20.615819,1254,
217,2021-07-07 13:20:20.617171,1352,
217,2021-07-07 13:20:20.665008,47837,
253,2021-07-07 13:20:20.666781,1773,
254,2021-07-07 13:20:20.668065,1284,
255,2021-07-07 13:20:20.715418,47353,
242,2021-07-07 13:20:20.716685,1267,
243,2021-07-07 13:20:20.717925,1240,
241,2021-07-07 13:20:20.764571,46646,
67,2021-07-07 13:20:20.765950,1379,
67,2021-07-07 13:20:20.767103,1153,
68,2021-07-07 13:20:20.814637,47534,
225,2021-07-07 13:20:20.815985,1348,
225,2021-07-07 13:20:20.817271,1286,
224,2021-07-07 13:20:20.864772,47501,
42,2021-07-07 13:20:20.866368,1596,
41,2021-07-07 13:20:20.867862,1494,
40,2021-07-07 13:20:20.913947,46085,
24,2021-07-07 13:20:20.915068,1121,
24,2021-07-07 13:20:20.915916,848,
24,2021-07-07 13:20:20.964745,48829,
254,2021-07-07 13:20:20.966109,1364,
255,2021-07-07 13:20:20.967263,1154,
0,2021-07-07 13:20:21.014558,47295,
26,2021-07-07 13:20:21.015979,1421,
26,2021-07-07 13:20:21.017429,1450,
27,2021-07-07 13:20:21.064537,47108,
222,2021-07-07 13:20:21.065960,1423,
221,2021-07-07 13:20:21.067220,1260,
221,2021-07-07 13:20:21.114513,47293,
33,2021-07-07 13:20:21.115887,1374,
31,2021-07-07 13:20:21.117291,1404,
31,2021-07-07 13:20:21.164637,47346,
239,2021-07-07 13:20:21.165957,1320,
239,2021-07-07 13:20:21.167267,1310,
239,2021-07-07 13:20:21.215093,47826,
220,2021-07-07 13:20:21.215922,829,
221,2021-07-07 13:20:21.217322,1400,
219,2021-07-07 13:20:21.264616,47294,
30,2021-07-07 13:20:21.265902,1286,
31,2021-07-07 13:20:21.267210,1308,
31,2021-07-07 13:20:21.313900,46690,
234,2021-07-07 13:20:21.314441,541,
234,2021-07-07 13:20:21.321130,6689,
234,2021-07-07 13:20:21.363163,42033,
10,2021-07-07 13:20:21.363391,228,
14,2021-07-07 13:20:21.363691,300,
14,2021-07-07 13:20:21.412827,49136,
15,2021-07-07 13:20:21.413229,402,
7,2021-07-07 13:20:21.413720,491,
244,2021-07-07 13:20:21.464673,50953,
10,2021-07-07 13:20:21.466005,1332,
9,2021-07-07 13:20:21.467361,1356,
9,2021-07-07 13:20:21.514656,47295,
252,2021-07-07 13:20:21.516137,1481,
252,2021-07-07 13:20:21.517553,1416,
252,2021-07-07 13:20:21.564901,47348,
247,2021-07-07 13:20:21.566494,1593,
246,2021-07-07 13:20:21.567824,1330,
245,2021-07-07 13:20:21.614778,46954,
253,2021-07-07 13:20:21.616377,1599,
253,2021-07-07 13:20:21.617792,1415,
253,2021-07-07 13:20:21.663414,45622,
17,2021-07-07 13:20:21.664054,640,
17,2021-07-07 13:20:21.664534,480,
15,2021-07-07 13:20:21.713008,48474,
237,2021-07-07 13:20:21.713268,260,
236,2021-07-07 13:20:21.713752,484,
239,2021-07-07 13:20:21.762956,49204,
14,2021-07-07 13:20:21.763306,350,
12,2021-07-07 13:20:21.763739,433,
10,2021-07-07 13:20:21.813468,49729,
211,2021-07-07 13:20:21.814112,644,
213,2021-07-07 13:20:21.821230,7118,
213,2021-07-07 13:20:21.864587,43357,
248,2021-07-07 13:20:21.865937,1350,
249,2021-07-07 13:20:21.866799,862,
249,2021-07-07 13:20:21.914646,47847,
243,2021-07-07 13:20:21.915885,1239,
242,2021-07-07 13:20:21.917153,1268,
243,2021-07-07 13:20:21.964649,47496,
208,2021-07-07 13:20:21.965964,1315,
206,2021-07-07 13:20:21.967078,1114,
206,2021-07-07 13:20:22.014558,47480,
28,2021-07-07 13:20:22.015697,1139,
27,2021-07-07 13:20:22.017192,1495,
27,2021-07-07 13:20:22.064678,47486,
245,2021-07-07 13:20:22.065984,1306,
245,2021-07-07 13:20:22.067330,1346,
246,2021-07-07 13:20:22.114560,47230,
247,2021-07-07 13:20:22.115829,1269,
248,2021-07-07 13:20:22.117167,1338,
247,2021-07-07 13:20:22.164656,47489,
233,2021-07-07 13:20:22.166020,1364,
234,2021-07-07 13:20:22.167268,1248,
237,2021-07-07 13:20:22.214678,47410,
233,2021-07-07 13:20:22.215581,903,
234,2021-07-07 13:20:22.222170,6589,
232,2021-07-07 13:20:22.264850,42680,
230,2021-07-07 13:20:22.265864,1014,
229,2021-07-07 13:20:22.266185,321,
230,2021-07-07 13:20:22.315166,48981,
6,2021-07-07 13:20:22.316677,1511,
5,2021-07-07 13:20:22.318065,1388,
5,2021-07-07 13:20:22.363287,45222,
247,2021-07-07 13:20:22.363683,396,
253,2021-07-07 13:20:22.364121,438,
255,2021-07-07 13:20:22.412899,48778,
36,2021-07-07 13:20:22.413261,362,
33,2021-07-07 13:20:22.413697,436,
29,2021-07-07 13:20:22.463042,49345,
235,2021-07-07 13:20:22.463526,484,
236,2021-07-07 13:20:22.464043,517,
236,2021-07-07 13:20:22.514723,50680,
251,2021-07-07 13:20:22.516936,2213,
251,2021-07-07 13:20:22.517650,714,
253,2021-07-07 13:20:22.564989,47339,
61,2021-07-07 13:20:22.566205,1216,
60,2021-07-07 13:20:22.567415,1210,
62,2021-07-07 13:20:22.614625,47210,
185,2021-07-07 13:20:22.616070,1445,
185,2021-07-07 13:20:22.617356,1286,
185,2021-07-07 13:20:22.664567,47211,
26,2021-07-07 13:20:22.665980,1413,
27,2021-07-07 13:20:22.667266,1286,
27,2021-07-07 13:20:22.714680,47414,
220,2021-07-07 13:20:22.716070,1390,
219,2021-07-07 13:20:22.717538,1468,
219,2021-07-07 13:20:22.765604,48066,
227,2021-07-07 13:20:22.767594,1990,
227,2021-07-07 13:20:22.768632,1038,
227,2021-07-07 13:20:22.813056,44424,
24,2021-07-07 13:20:22.813297,241,
26,2021-07-07 13:20:22.813777,480,
25,2021-07-07 13:20:22.863810,50033,
209,2021-07-07 13:20:22.864227,417,
208,2021-07-07 13:20:22.864999,772,
216,2021-07-07 13:20:22.914682,49683,
47,2021-07-07 13:20:22.916063,1381,
48,2021-07-07 13:20:22.917435,1372,
47,2021-07-07 13:20:22.964806,47371,
2,2021-07-07 13:20:22.966269,1463,
1,2021-07-07 13:20:22.967748,1479,
1,2021-07-07 13:20:23.014707,46959,
44,2021-07-07 13:20:23.015871,1164,
44,2021-07-07 13:20:23.017098,1227,
44,2021-07-07 13:20:23.064733,47635,
237,2021-07-07 13:20:23.065875,1142,
238,2021-07-07 13:20:23.067188,1313,
238,2021-07-07 13:20:23.114886,47698,
17,2021-07-07 13:20:23.116399,1513,
16,2021-07-07 13:20:23.122686,6287,
15,2021-07-07 13:20:23.162955,40269,
15,2021-07-07 13:20:23.163266,311,
17,2021-07-07 13:20:23.163868,602,
15,2021-07-07 13:20:23.212951,49083,
228,2021-07-07 13:20:23.213186,235,
228,2021-07-07 13:20:23.213839,653,
230,2021-07-07 13:20:23.262903,49064,
30,2021-07-07 13:20:23.263216,313,
32,2021-07-07 13:20:23.263799,583,
37,2021-07-07 13:20:23.314675,50876,
224,2021-07-07 13:20:23.316095,1420,
222,2021-07-07 13:20:23.317471,1376,
221,2021-07-07 13:20:23.365089,47618,
30,2021-07-07 13:20:23.366439,1350,
30,2021-07-07 13:20:23.367963,1524,
29,2021-07-07 13:20:23.414663,46700,
250,2021-07-07 13:20:23.416025,1362,
249,2021-07-07 13:20:23.422349,6324,
249,2021-07-07 13:20:23.464616,42267,
244,2021-07-07 13:20:23.465905,1289,
243,2021-07-07 13:20:23.467072,1167,
244,2021-07-07 13:20:23.514757,47685,
17,2021-07-07 13:20:23.515975,1218,
17,2021-07-07 13:20:23.517310,1335,
17,2021-07-07 13:20:23.564543,47233,
205,2021-07-07 13:20:23.565867,1324,
206,2021-07-07 13:20:23.567109,1242,
206,2021-07-07 13:20:23.614600,47491,
29,2021-07-07 13:20:23.615898,1298,
29,2021-07-07 13:20:23.617270,1372,
28,2021-07-07 13:20:23.665361,48091,
227,2021-07-07 13:20:23.667402,2041,
226,2021-07-07 13:20:23.669972,2570,
227,2021-07-07 13:20:23.712964,42992,
238,2021-07-07 13:20:23.713277,313,
235,2021-07-07 13:20:23.713812,535,
241,2021-07-07 13:20:23.762988,49176,
240,2021-07-07 13:20:23.763232,244,
240,2021-07-07 13:20:23.763798,566,
237,2021-07-07 13:20:23.813004,49206,
187,2021-07-07 13:20:23.813242,238,
188,2021-07-07 13:20:23.820332,7090,
188,2021-07-07 13:20:23.863420,43088,
43,2021-07-07 13:20:23.864176,756,
42,2021-07-07 13:20:23.864895,719,
42,2021-07-07 13:20:23.913496,48601,
185,2021-07-07 13:20:23.913870,374,
186,2021-07-07 13:20:23.914490,620,
184,2021-07-07 13:20:23.963532,49042,
249,2021-07-07 13:20:23.964043,511,
249,2021-07-07 13:20:23.964743,700,
249,2021-07-07 13:20:24.014864,50121,
209,2021-07-07 13:20:24.016381,1517,
208,2021-07-07 13:20:24.017684,1303,
209,2021-07-07 13:20:24.064856,47172,
1,2021-07-07 13:20:24.066191,1335,
1,2021-07-07 13:20:24.067129,938,
2,2021-07-07 13:20:24.114945,47816,
33,2021-07-07 13:20:24.116254,1309,
32,2021-07-07 13:20:24.121825,5571,
31,2021-07-07 13:20:24.162947,41122,
8,2021-07-07 13:20:24.163293,346,
9,2021-07-07 13:20:24.163860,567,
7,2021-07-07 13:20:24.212953,49093,
39,2021-07-07 13:20:24.213186,233,
40,2021-07-07 13:20:24.213818,632,
42,2021-07-07 13:20:24.263732,49914,
33,2021-07-07 13:20:24.264240,508,
33,2021-07-07 13:20:24.264955,715,
33,2021-07-07 13:20:24.314738,49783,
17,2021-07-07 13:20:24.315950,1212,
17,2021-07-07 13:20:24.317312,1362,
18,2021-07-07 13:20:24.364665,47353,
230,2021-07-07 13:20:24.366021,1356,
229,2021-07-07 13:20:24.367350,1329,
229,2021-07-07 13:20:24.414612,47262,
10,2021-07-07 13:20:24.415904,1292,
10,2021-07-07 13:20:24.422351,6447,
9,2021-07-07 13:20:24.464659,42308,
219,2021-07-07 13:20:24.465929,1270,
217,2021-07-07 13:20:24.467152,1223,
219,2021-07-07 13:20:24.514984,47832,
226,2021-07-07 13:20:24.516493,1509,
227,2021-07-07 13:20:24.517944,1451,
227,2021-07-07 13:20:24.563430,45486,
21,2021-07-07 13:20:24.563581,151,
25,2021-07-07 13:20:24.563802,221,
39,2021-07-07 13:20:24.612976,49174,
220,2021-07-07 13:20:24.613307,331,
