time,data_value,
2021-07-08 10:26:14.6,30,30,31,
2021-07-08 10:26:15.1,30,30,31,
2021-07-08 10:26:15.6,31,31,31,
2021-07-08 10:26:16.2,31,0,61,
2021-07-08 10:26:16.8,31,0,61,
2021-07-08 10:26:17.3,30,0,31,
2021-07-08 10:26:17.9,30,30,61,
2021-07-08 10:26:18.4,31,30,30,
2021-07-08 10:26:19.0,30,31,30,
2021-07-08 10:26:19.6,30,31,31,
2021-07-08 10:26:20.1,30,30,31,
2021-07-08 10:26:20.7,30,31,30,
2021-07-08 10:26:21.3,0,31,30,
2021-07-08 10:26:21.8,30,30,31,
2021-07-08 10:26:22.4,31,30,31,
2021-07-08 10:26:22.9,30,31,31,
2021-07-08 10:26:23.5,31,30,30,
2021-07-08 10:26:24.0,31,31,30,
2021-07-08 10:26:24.6,30,0,30,
2021-07-08 10:26:25.2,31,30,31,
2021-07-08 10:26:25.7,30,30,30,
2021-07-08 10:26:26.3,30,31,31,
2021-07-08 10:26:26.8,0,30,30,
2021-07-08 10:26:27.4,31,30,31,
2021-07-08 10:26:28.0,31,0,31,
2021-07-08 10:26:28.5,30,0,30,
2021-07-08 10:26:29.1,0,0,31,
2021-07-08 10:26:29.6,0,0,31,
2021-07-08 10:26:30.2,0,31,0,
2021-07-08 10:26:30.8,31,31,31,
2021-07-08 10:26:31.3,0,30,30,
2021-07-08 10:26:31.9,31,31,31,
2021-07-08 10:26:32.4,0,30,30,
2021-07-08 10:26:33.0,0,31,0,
2021-07-08 10:26:33.6,0,0,0,
2021-07-08 10:26:34.1,30,0,0,
2021-07-08 10:26:34.7,0,31,0,
2021-07-08 10:26:35.2,31,30,31,
2021-07-08 10:26:35.8,30,0,30,
2021-07-08 10:26:36.4,0,30,0,
2021-07-08 10:26:36.9,0,30,30,
2021-07-08 10:26:37.5,31,0,31,
2021-07-08 10:26:38.0,31,30,30,
2021-07-08 10:26:38.6,0,31,0,
2021-07-08 10:26:39.2,31,30,31,
2021-07-08 10:26:39.7,31,30,30,
2021-07-08 10:26:40.3,31,30,30,
2021-07-08 10:26:40.8,30,31,31,
2021-07-08 10:26:41.4,31,30,30,
2021-07-08 10:26:42.0,31,31,30,
2021-07-08 10:26:42.5,31,30,30,
2021-07-08 10:26:43.1,31,0,61,
2021-07-08 10:26:43.6,30,31,31,
2021-07-08 10:26:44.2,0,31,30,
2021-07-08 10:26:44.8,31,31,30,
2021-07-08 10:26:45.3,30,30,30,
2021-07-08 10:26:45.9,30,31,30,
2021-07-08 10:26:46.4,30,31,31,
2021-07-08 10:26:47.0,31,31,31,
2021-07-08 10:26:47.6,30,30,30,
2021-07-08 10:26:48.1,30,0,30,
2021-07-08 10:26:48.7,0,0,0,
2021-07-08 10:26:49.2,0,30,31,
2021-07-08 10:26:49.8,30,31,0,
2021-07-08 10:26:50.4,0,0,31,
2021-07-08 10:26:51.0,0,0,0,
2021-07-08 10:26:51.5,0,31,0,
2021-07-08 10:26:52.1,30,0,31,
2021-07-08 10:26:52.6,0,30,31,
2021-07-08 10:26:53.3,0,31,31,
2021-07-08 10:26:53.7,0,0,0,
2021-07-08 10:26:54.3,30,0,31,
2021-07-08 10:26:54.8,0,0,30,
2021-07-08 10:26:55.4,0,0,0,
2021-07-08 10:26:56.0,0,0,31,
2021-07-08 10:26:56.5,30,0,31,
2021-07-08 10:26:57.1,0,30,31,
2021-07-08 10:26:57.6,0,0,31,
2021-07-08 10:26:58.2,0,0,30,
2021-07-08 10:26:58.8,31,0,30,
2021-07-08 10:26:59.3,31,30,30,
2021-07-08 10:26:59.9,31,31,0,
2021-07-08 10:27:00.5,0,30,0,
2021-07-08 10:27:01.0,30,30,31,
2021-07-08 10:27:01.6,31,31,61,
2021-07-08 10:27:02.1,0,0,31,
2021-07-08 10:27:02.7,30,30,31,
2021-07-08 10:27:03.2,30,31,31,
2021-07-08 10:27:03.8,30,31,31,
2021-07-08 10:32:03.0,64,72,31,
2021-07-08 10:32:03.5,66,72,83,
2021-07-08 10:32:04.0,133,72,83,
2021-07-08 10:32:04.5,64,71,83,
2021-07-08 10:32:05.0,64,72,81,
2021-07-08 10:32:05.5,66,115,83,
2021-07-08 10:32:06.0,66,72,83,
2021-07-08 10:32:06.5,133,72,83,
2021-07-08 10:32:07.0,64,71,81,
2021-07-08 10:32:07.5,64,71,31,
2021-07-08 10:32:08.0,66,72,83,
2021-07-08 10:32:08.5,66,72,83,
2021-07-08 10:32:09.0,66,71,31,
2021-07-08 10:32:09.5,64,72,83,
2021-07-08 10:32:10.0,66,72,83,
2021-07-08 10:32:10.5,64,72,83,
2021-07-08 10:32:11.0,64,72,81,
2021-07-08 10:32:11.5,66,72,31,
2021-07-08 10:32:12.0,64,71,81,
2021-07-08 10:32:12.5,64,71,81,
2021-07-08 10:32:13.0,64,71,81,
2021-07-08 10:32:13.5,64,71,81,
2021-07-08 10:32:14.0,133,72,83,
2021-07-08 10:32:14.5,66,71,83,
2021-07-08 10:32:15.0,64,72,83,
2021-07-08 10:32:15.5,64,115,81,
2021-07-08 10:32:16.0,66,71,81,
2021-07-08 10:32:16.5,64,71,81,
2021-07-08 10:32:17.0,66,71,81,
2021-07-08 10:32:17.5,64,72,81,
2021-07-08 10:32:18.0,66,71,81,
2021-07-08 10:32:18.5,64,71,81,
2021-07-08 10:32:19.0,64,115,83,
2021-07-08 10:32:19.5,64,71,81,
2021-07-08 10:32:20.0,66,71,31,
2021-07-08 10:32:20.5,64,71,81,
2021-07-08 10:32:21.0,66,71,81,
2021-07-08 10:32:21.5,66,71,81,
2021-07-08 10:32:22.0,133,71,81,
2021-07-08 10:32:22.5,133,72,83,
2021-07-08 10:32:23.0,64,27,83,
2021-07-08 10:32:23.5,66,72,31,
2021-07-08 10:32:24.0,64,72,133,
2021-07-08 10:32:24.5,66,115,81,
2021-07-08 10:32:25.0,64,72,83,
2021-07-08 10:32:25.5,133,71,81,
2021-07-08 10:32:26.0,64,72,133,
2021-07-08 10:32:26.5,64,71,81,
2021-07-08 10:32:27.1,66,72,83,
2021-07-08 10:32:27.6,66,115,31,
2021-07-08 10:32:28.0,64,72,83,
2021-07-08 10:32:28.5,64,72,83,
2021-07-08 10:32:29.1,66,72,83,
2021-07-08 10:32:29.5,133,71,81,
2021-07-08 10:32:30.0,66,27,81,
2021-07-08 10:32:30.5,64,71,81,
2021-07-08 10:32:31.0,66,71,81,
2021-07-08 10:32:31.6,133,72,133,
2021-07-08 10:32:32.0,133,71,81,
2021-07-08 10:32:32.5,66,72,83,
2021-07-08 10:32:33.0,66,115,81,
2021-07-08 10:32:33.6,64,72,83,
2021-07-08 10:32:34.0,133,71,83,
2021-07-08 10:32:34.5,64,72,83,
2021-07-08 10:32:35.0,66,27,83,
2021-07-08 10:32:35.6,64,72,83,
2021-07-08 10:32:36.0,64,71,81,
2021-07-08 10:32:36.5,66,71,81,
2021-07-08 10:32:37.0,64,71,81,
2021-07-08 10:32:37.6,64,72,83,
2021-07-08 10:32:38.0,66,72,83,
2021-07-08 10:32:38.5,64,72,81,
2021-07-08 10:32:39.0,66,72,83,
2021-07-08 10:32:39.6,64,71,83,
2021-07-08 10:32:40.0,66,71,81,
2021-07-08 10:32:40.5,64,71,81,
2021-07-08 10:32:41.0,64,71,83,
2021-07-08 10:32:41.5,-2,71,81,
2021-07-08 10:32:42.0,64,71,81,
2021-07-08 10:32:42.5,64,72,83,
2021-07-08 10:32:43.0,64,72,83,
2021-07-08 10:32:43.6,64,71,81,
2021-07-08 10:32:44.0,66,71,31,
2021-07-08 10:32:44.5,64,115,81,
2021-07-08 10:32:45.0,64,71,81,
2021-07-08 10:32:45.5,66,72,83,
2021-07-08 10:32:46.1,64,71,81,
2021-07-08 10:32:46.5,64,72,81,
2021-07-08 10:32:47.0,66,71,31,
2021-07-08 10:32:47.5,66,71,81,
2021-07-08 10:32:48.0,66,72,81,
2021-07-08 10:32:48.6,133,115,83,
2021-07-08 10:32:49.1,66,115,31,
2021-07-08 10:32:49.6,64,72,83,
2021-07-08 10:32:50.1,133,72,81,
2021-07-08 10:32:50.6,66,71,81,
2021-07-08 10:32:51.1,64,72,83,
2021-07-08 10:32:51.6,66,71,81,
2021-07-08 10:32:52.1,64,72,83,
2021-07-08 10:32:52.6,66,72,83,
2021-07-08 10:32:53.1,66,72,83,
2021-07-08 10:32:53.6,66,72,81,
2021-07-08 10:32:54.1,66,115,81,
2021-07-08 10:32:54.6,64,71,81,
2021-07-08 10:32:55.1,66,72,81,
2021-07-08 10:32:55.6,66,71,81,
2021-07-08 10:32:56.1,133,72,83,
2021-07-08 10:32:56.6,-2,71,83,
2021-07-08 10:32:57.1,64,71,81,
2021-07-08 10:32:57.6,133,115,81,
2021-07-08 10:32:58.1,64,72,83,
2021-07-08 10:32:58.6,66,72,83,
2021-07-08 10:32:59.1,66,115,81,
2021-07-08 10:32:59.6,66,72,81,
2021-07-08 10:33:00.1,66,115,83,
2021-07-08 10:33:00.6,66,72,83,
2021-07-08 10:33:01.1,66,72,83,
2021-07-08 10:33:01.6,66,71,81,
2021-07-08 10:33:02.1,66,72,81,
2021-07-08 10:33:02.6,66,115,31,
2021-07-08 10:33:03.1,66,71,83,
2021-07-08 10:33:03.6,66,72,83,
2021-07-08 10:33:04.1,66,72,83,
2021-07-08 10:33:04.6,64,71,81,
2021-07-08 10:33:05.1,66,72,31,
2021-07-08 10:33:05.6,64,72,83,
2021-07-08 10:33:06.1,66,71,83,
2021-07-08 10:33:06.6,66,71,83,
2021-07-08 10:33:07.1,66,115,31,
2021-07-08 10:33:07.6,64,72,83,
2021-07-08 10:33:08.1,66,72,83,
2021-07-08 10:33:08.6,66,71,81,
2021-07-08 10:33:09.1,66,71,81,
2021-07-08 10:33:09.6,66,72,83,
2021-07-08 10:33:10.1,64,71,83,
2021-07-08 10:33:10.6,133,72,83,
2021-07-08 10:33:11.1,66,72,83,
2021-07-08 10:33:11.6,66,72,83,
2021-07-08 10:33:12.1,66,71,83,
2021-07-08 10:33:12.6,66,71,81,
2021-07-08 10:33:13.1,133,71,81,
2021-07-08 10:33:13.6,133,72,83,
2021-07-08 10:33:14.1,64,71,81,
2021-07-08 10:33:14.6,66,71,81,
2021-07-08 10:33:15.1,66,71,83,
2021-07-08 10:33:15.6,66,72,83,
2021-07-08 10:33:16.1,66,72,83,
2021-07-08 10:33:16.6,66,72,81,
2021-07-08 10:33:17.1,66,71,81,
2021-07-08 10:33:17.7,64,72,83,
2021-07-08 10:33:18.1,66,71,81,
2021-07-08 10:33:18.6,66,71,83,
2021-07-08 10:33:19.1,66,72,83,
2021-07-08 10:33:19.7,64,115,81,
2021-07-08 10:33:20.1,66,72,81,
2021-07-08 10:33:20.6,64,72,83,
2021-07-08 10:33:21.1,133,71,81,
2021-07-08 10:33:21.7,66,71,81,
2021-07-08 10:33:22.1,64,72,31,
2021-07-08 10:33:22.6,64,71,81,
2021-07-08 10:33:23.1,64,115,83,
2021-07-08 10:33:23.7,133,72,83,
2021-07-08 10:33:24.1,66,71,81,
2021-07-08 10:33:24.6,66,71,81,
2021-07-08 10:33:25.2,66,72,83,
2021-07-08 10:33:25.7,64,71,81,
2021-07-08 10:33:26.1,64,115,31,
2021-07-08 10:33:26.6,66,71,81,
2021-07-08 10:33:27.1,66,71,81,
2021-07-08 10:33:27.7,66,71,81,
2021-07-08 10:33:28.1,66,115,83,
2021-07-08 10:33:28.6,66,72,83,
2021-07-08 10:33:29.2,133,72,83,
2021-07-08 10:33:29.6,66,72,81,
2021-07-08 10:33:30.1,64,72,83,
2021-07-08 10:33:30.6,64,72,83,
2021-07-08 10:33:31.2,133,72,83,
2021-07-08 10:33:31.6,133,72,83,
2021-07-08 10:33:32.1,66,71,81,
2021-07-08 10:33:32.6,64,71,81,
2021-07-08 10:34:32.3,133,71,81,
2021-07-08 10:34:32.8,64,72,83,
2021-07-08 10:34:33.3,133,72,83,
2021-07-08 10:34:33.8,64,72,83,
2021-07-08 10:34:34.3,66,72,83,
2021-07-08 10:34:34.8,66,71,81,
2021-07-08 10:34:35.3,66,72,83,
2021-07-08 10:34:35.8,133,72,83,
2021-07-08 10:34:36.3,64,72,31,
2021-07-08 10:34:36.8,64,72,83,
2021-07-08 10:34:37.3,66,71,81,
2021-07-08 10:34:37.8,64,71,81,
2021-07-08 10:34:38.3,64,71,83,
2021-07-08 10:34:38.8,64,72,83,
2021-07-08 10:34:39.3,64,71,81,
2021-07-08 10:34:39.8,64,71,81,
2021-07-08 10:34:40.3,66,71,81,
2021-07-08 10:34:40.8,64,72,83,
2021-07-08 10:34:41.3,66,71,81,
2021-07-08 10:34:41.8,66,71,81,
2021-07-08 10:34:42.3,66,115,83,
2021-07-08 10:34:42.8,64,72,81,
2021-07-08 10:34:43.3,66,71,81,
2021-07-08 10:34:43.8,66,72,83,
2021-07-08 10:34:44.3,66,71,81,
2021-07-08 10:34:44.8,66,71,81,
2021-07-08 10:34:45.4,66,72,83,
2021-07-08 10:34:45.8,66,72,83,
2021-07-08 10:34:46.3,64,72,31,
2021-07-08 10:34:46.8,64,72,31,
2021-07-08 10:34:47.3,66,71,31,
2021-07-08 10:34:47.8,133,71,81,
2021-07-08 10:34:48.3,133,72,81,
2021-07-08 10:34:48.8,64,72,133,
2021-07-08 10:34:49.3,66,72,83,
2021-07-08 10:34:49.8,66,72,83,
2021-07-08 10:34:50.3,64,72,81,
2021-07-08 10:34:50.8,66,71,81,
2021-07-08 12:48:12.7,64,71,81,
2021-07-08 12:48:13.2,66,72,83,
2021-07-08 12:48:13.7,66,72,31,
2021-07-08 12:48:14.2,64,72,31,
2021-07-08 12:48:14.7,64,27,31,
2021-07-08 12:48:15.2,64,27,83,
2021-07-08 12:48:15.7,66,72,83,
2021-07-08 12:48:16.2,64,71,81,
2021-07-08 12:48:16.7,66,72,81,
2021-07-08 12:48:17.2,-2,71,81,
2021-07-08 12:48:17.7,64,72,83,
2021-07-08 12:48:18.2,66,72,83,
2021-07-08 12:48:18.7,66,72,83,
2021-07-08 12:48:19.2,66,72,31,
2021-07-08 12:48:19.7,66,72,83,
2021-07-08 12:48:20.2,64,71,83,
2021-07-08 12:48:20.7,64,71,31,
2021-07-08 12:48:21.2,66,72,83,
2021-07-08 12:48:21.7,64,115,81,
2021-07-08 12:48:22.2,66,72,83,
2021-07-08 12:48:22.7,66,72,83,
2021-07-08 12:48:23.2,64,71,81,
2021-07-08 12:48:23.7,-2,72,81,
2021-07-08 12:48:24.2,66,71,81,
2021-07-08 12:48:24.7,64,71,81,
2021-07-08 12:48:25.2,66,72,31,
2021-07-08 12:48:25.7,66,72,81,
2021-07-08 12:48:26.2,66,72,83,
2021-07-08 12:48:26.7,66,71,83,
2021-07-08 12:48:27.2,66,72,31,
2021-07-08 12:48:27.7,64,71,31,
2021-07-08 12:48:28.2,66,27,81,
2021-07-08 12:48:28.7,66,72,31,
2021-07-08 12:48:29.2,64,71,83,
2021-07-08 12:48:29.7,64,27,83,
2021-07-08 12:48:30.2,66,72,31,
2021-07-08 12:48:30.7,66,71,31,
2021-07-08 12:48:31.2,64,27,83,
2021-07-08 12:48:31.7,64,71,83,
2021-07-08 12:48:32.2,66,27,81,
2021-07-08 12:48:32.7,66,27,81,
2021-07-08 12:48:33.2,64,71,83,
2021-07-08 12:48:33.7,64,71,83,
2021-07-08 12:48:34.2,66,115,31,
2021-07-08 12:48:34.7,64,71,83,
2021-07-08 12:52:48.8,133,72,83,
2021-07-08 12:52:49.3,133,72,83,
2021-07-08 12:52:49.8,66,71,81,
2021-07-08 12:52:50.3,66,71,81,
2021-07-08 12:52:50.8,133,71,81,
2021-07-08 12:52:51.3,64,71,83,
2021-07-08 12:52:51.8,64,71,81,
2021-07-08 12:52:52.3,64,72,83,
2021-07-08 12:52:52.8,64,72,83,
2021-07-08 12:52:53.3,66,27,81,
2021-07-08 12:52:53.8,133,71,81,
2021-07-08 12:52:54.3,66,72,83,
2021-07-08 12:52:54.8,66,71,83,
2021-07-08 12:52:55.3,64,27,31,
2021-07-08 12:52:55.8,64,71,81,
2021-07-08 12:52:56.3,133,71,81,
2021-07-08 12:52:56.8,66,115,83,
2021-07-08 12:52:57.3,133,71,81,
2021-07-08 12:52:57.8,64,71,81,
2021-07-08 12:52:58.3,133,71,83,
2021-07-08 12:52:58.8,64,71,81,
2021-07-08 12:52:59.3,64,72,83,
2021-07-08 12:52:59.8,64,72,83,
2021-07-08 12:53:00.3,66,71,81,
2021-07-08 12:53:00.8,66,72,83,
2021-07-08 12:53:01.3,66,72,83,
2021-07-08 12:53:01.8,66,71,83,
2021-07-08 12:53:02.3,64,72,83,
2021-07-08 12:53:02.8,66,71,81,
2021-07-08 12:53:03.3,64,72,83,
2021-07-08 12:53:03.8,66,71,81,
2021-07-08 12:53:04.3,64,71,83,
2021-07-08 12:53:04.8,133,72,81,
2021-07-08 12:53:05.3,66,72,83,
2021-07-08 12:53:05.8,64,71,81,
2021-07-08 12:53:06.3,64,71,81,
2021-07-08 12:53:06.8,64,71,81,
2021-07-08 12:53:07.3,64,71,81,
2021-07-08 12:53:07.8,66,72,83,
2021-07-08 12:53:08.3,133,71,81,
2021-07-08 12:53:08.8,66,71,83,
2021-07-08 12:53:09.3,133,71,81,
2021-07-08 12:53:09.8,66,115,83,
2021-07-08 12:53:10.3,64,71,81,
2021-07-08 12:53:10.8,133,72,83,
2021-07-08 12:53:11.3,64,71,81,
2021-07-08 12:53:11.8,66,115,81,
2021-07-08 12:53:12.3,66,71,83,
2021-07-08 12:53:12.8,64,71,83,
2021-07-08 12:53:13.3,64,115,81,
2021-07-08 12:53:13.8,64,72,83,
2021-07-08 12:55:32.1,64,72,83,
2021-07-08 12:55:32.6,133,72,81,
2021-07-08 12:55:33.1,133,71,81,
2021-07-08 12:55:33.6,64,71,81,
2021-07-08 12:55:34.1,133,72,83,
2021-07-08 12:55:34.6,64,71,81,
2021-07-08 12:55:35.1,64,71,83,
2021-07-08 12:55:35.6,64,72,83,
2021-07-08 12:55:36.1,66,72,81,
2021-07-08 12:55:36.6,66,71,133,
2021-07-08 12:55:37.1,66,71,81,
2021-07-08 12:55:37.6,64,71,81,
2021-07-08 12:55:38.1,64,72,81,
2021-07-08 12:55:38.6,64,72,81,
2021-07-08 12:55:39.1,64,71,81,
2021-07-08 12:55:39.6,64,71,81,
2021-07-08 12:55:40.1,133,71,81,
2021-07-08 12:55:40.6,66,115,133,
2021-07-08 12:55:41.1,66,115,81,
2021-07-08 12:55:41.6,66,71,83,
2021-07-08 12:55:42.1,64,71,81,
2021-07-08 12:55:42.7,66,72,83,
2021-07-08 12:55:43.2,64,71,81,
2021-07-08 12:55:43.7,64,71,81,
2021-07-08 12:55:44.2,66,71,81,
2021-07-08 12:55:44.7,66,71,83,
2021-07-08 12:55:45.2,66,115,83,
2021-07-08 12:55:45.7,64,72,83,
2021-07-08 12:55:46.2,133,71,81,
2021-07-08 12:55:46.7,64,72,83,
2021-07-08 12:55:47.2,133,72,83,
2021-07-08 12:55:47.7,64,72,83,
2021-07-08 12:55:48.2,66,72,81,
2021-07-08 12:55:48.7,66,72,83,
2021-07-08 12:55:49.2,64,71,81,
2021-07-08 12:55:49.7,133,72,83,
2021-07-08 12:55:50.2,64,72,83,
2021-07-08 12:55:50.7,66,71,81,
2021-07-08 12:55:51.2,66,115,81,
2021-07-08 12:55:51.7,64,72,81,
2021-07-08 12:55:52.2,64,72,83,
2021-07-08 12:55:52.7,64,115,81,
2021-07-08 12:55:53.2,133,72,83,
2021-07-08 12:55:53.7,66,72,83,
2021-07-08 12:55:54.2,64,72,83,
2021-07-08 12:55:54.7,66,71,81,
2021-07-08 12:55:55.2,66,71,83,
2021-07-08 12:55:55.7,133,115,133,
2021-07-08 12:55:56.2,66,71,81,
2021-07-08 12:55:56.7,133,71,83,
2021-07-08 12:55:57.2,64,72,83,
2021-07-08 12:55:57.7,66,71,81,
2021-07-08 12:55:58.2,66,72,83,
2021-07-08 12:55:58.7,64,71,81,
2021-07-08 12:55:59.2,133,71,81,
2021-07-08 12:55:59.7,133,71,81,
2021-07-08 12:56:00.2,133,72,133,
2021-07-08 12:56:00.7,133,115,83,
2021-07-08 12:56:01.2,133,115,133,
2021-07-08 12:56:01.7,66,71,83,
2021-07-08 12:56:02.2,64,115,81,
2021-07-08 12:56:02.7,133,71,81,
2021-07-08 12:56:03.2,133,72,83,
2021-07-08 12:56:03.7,133,72,83,
2021-07-08 12:56:04.2,66,71,81,
2021-07-08 12:56:04.7,64,72,83,
2021-07-08 12:56:05.2,64,71,81,
2021-07-08 12:56:05.7,64,71,133,
2021-07-08 12:56:06.2,66,72,83,
2021-07-08 12:56:06.7,64,72,83,
2021-07-08 12:56:07.2,66,71,81,
2021-07-08 13:21:20.9,64,71,81,
2021-07-08 13:21:21.3,64,71,81,
2021-07-08 13:21:21.8,66,72,83,
2021-07-08 13:21:22.3,64,71,81,
2021-07-08 13:21:22.8,64,72,83,
2021-07-08 13:21:23.3,66,72,81,
2021-07-08 13:21:23.8,64,71,83,
2021-07-08 13:21:24.3,66,27,83,
2021-07-08 13:21:24.8,66,72,83,
2021-07-08 13:21:25.3,66,72,83,
2021-07-08 13:21:25.8,66,115,83,
2021-07-08 13:21:26.3,133,71,81,
2021-07-08 13:21:26.8,133,71,83,
2021-07-08 13:21:27.3,64,71,83,
2021-07-08 13:21:27.8,66,27,83,
2021-07-08 13:21:28.3,64,71,81,
2021-07-08 13:21:28.8,66,72,83,
2021-07-08 13:21:29.3,64,71,81,
2021-07-08 13:21:29.8,64,71,81,
2021-07-08 13:21:30.3,64,72,83,
2021-07-08 13:21:30.8,66,71,83,
2021-07-08 13:21:31.4,64,72,83,
2021-07-08 13:21:31.8,64,72,83,
2021-07-08 13:21:32.3,64,72,83,
2021-07-08 13:21:32.8,66,72,83,
2021-07-08 13:21:33.3,66,27,83,
2021-07-08 13:21:33.8,64,72,81,
2021-07-08 13:21:34.3,66,72,83,
2021-07-08 13:21:34.9,64,71,81,
2021-07-08 13:21:35.3,66,71,81,
2021-07-08 13:21:35.8,133,71,81,
2021-07-08 13:21:36.3,64,27,81,
2021-07-08 13:21:36.8,133,72,81,
2021-07-08 13:21:37.3,64,71,81,
2021-07-08 13:21:37.8,66,72,83,
2021-07-08 13:21:38.3,64,72,83,
2021-07-08 13:21:38.9,133,71,81,
2021-07-08 13:21:39.3,64,72,83,
2021-07-08 13:21:39.8,66,71,81,
2021-07-08 13:21:40.3,66,71,81,
2021-07-08 13:21:40.8,66,71,81,
2021-07-08 13:21:41.3,64,71,81,
2021-07-08 13:21:41.8,66,72,83,
2021-07-08 13:21:42.3,66,71,31,
2021-07-08 13:21:42.8,66,71,81,
2021-07-08 13:21:43.3,64,72,83,
2021-07-08 13:21:43.8,66,71,81,
2021-07-08 13:21:44.4,64,72,83,
2021-07-08 13:21:44.9,66,72,83,
2021-07-08 13:21:45.4,64,71,81,
2021-07-08 13:21:45.9,66,72,83,
2021-07-08 13:21:46.4,66,72,83,
2021-07-08 13:21:46.9,66,72,81,
2021-07-08 13:21:47.4,66,71,81,
2021-07-08 13:21:47.9,66,115,83,
2021-07-08 13:21:48.4,64,71,81,
2021-07-08 13:21:48.9,66,115,81,
2021-07-08 13:21:49.4,66,72,31,
2021-07-08 13:21:49.9,64,71,81,
2021-07-08 13:21:50.4,133,72,83,
2021-07-08 13:21:50.9,64,27,31,
2021-07-08 13:21:51.4,64,115,83,
2021-07-08 13:21:51.9,64,71,81,
2021-07-08 13:21:52.4,66,72,83,
2021-07-08 13:21:52.9,66,72,83,
2021-07-08 13:21:53.4,66,115,81,
2021-07-08 13:21:53.9,66,71,83,
2021-07-08 13:21:54.4,66,71,81,
2021-07-08 13:21:54.9,64,71,81,
2021-07-08 13:21:55.4,66,72,83,
2021-07-08 13:21:55.9,64,71,81,
2021-07-08 13:21:56.4,66,72,83,
2021-07-08 13:21:56.9,66,115,83,
2021-07-08 13:21:57.4,66,71,81,
2021-07-08 13:21:57.9,64,71,81,
2021-07-08 13:21:58.4,66,27,81,
2021-07-08 13:21:58.9,133,71,81,
2021-07-08 13:21:59.4,64,71,81,
2021-07-08 13:21:59.9,66,72,83,
2021-07-08 13:22:00.4,66,71,81,
2021-07-08 13:22:00.9,64,72,81,
2021-07-08 13:22:01.4,64,72,83,
2021-07-08 13:22:01.9,66,71,81,
2021-07-08 13:22:02.4,66,72,83,
2021-07-08 13:22:02.9,66,72,31,
2021-07-08 13:22:03.4,64,71,81,
2021-07-08 13:22:03.9,66,72,81,
2021-07-08 13:22:04.4,64,27,81,
2021-07-08 13:22:04.9,133,72,83,
2021-07-08 13:22:05.4,66,72,83,
2021-07-08 13:22:05.9,64,71,81,
2021-07-08 13:22:06.4,64,71,81,
2021-07-08 13:22:06.9,66,72,83,
2021-07-08 13:22:07.4,64,71,81,
2021-07-08 13:22:07.9,66,72,83,
2021-07-08 13:22:08.4,64,71,81,
2021-07-08 13:22:08.9,64,27,83,
2021-07-08 13:22:09.4,66,27,81,
2021-07-08 13:22:09.9,66,115,83,
2021-07-08 13:22:10.4,64,71,81,
2021-07-08 13:22:10.9,66,71,81,
2021-07-08 13:22:11.4,133,71,81,
2021-07-08 13:22:11.9,133,72,83,
2021-07-08 13:22:12.4,66,71,81,
2021-07-08 13:22:12.9,64,72,83,
2021-07-08 13:22:13.4,64,71,83,
2021-07-08 13:22:13.9,64,71,83,
2021-07-08 13:22:14.4,133,71,81,
2021-07-08 13:22:14.9,64,71,81,
2021-07-08 13:22:15.4,133,71,81,
2021-07-08 13:22:15.9,66,71,81,
2021-07-08 13:22:16.4,64,71,81,
2021-07-08 13:22:16.9,66,72,83,
2021-07-08 13:22:17.4,64,71,81,
2021-07-08 13:22:17.9,64,71,81,
2021-07-08 13:22:18.4,64,72,83,
2021-07-08 13:22:18.9,64,71,81,
2021-07-08 13:22:19.4,66,72,83,
2021-07-08 13:22:19.9,64,27,83,
2021-07-08 13:22:20.4,64,72,83,
2021-07-08 13:22:20.9,64,72,83,
2021-07-08 13:22:21.4,66,72,81,
2021-07-08 13:22:21.9,66,115,81,
2021-07-08 13:22:22.4,133,72,83,
2021-07-08 13:22:22.9,64,27,31,
2021-07-08 13:22:23.4,133,72,83,
2021-07-08 13:22:23.9,64,71,81,
2021-07-08 13:22:24.4,64,71,81,
2021-07-08 13:22:24.9,66,72,83,
2021-07-08 13:22:25.4,66,72,81,
2021-07-08 13:22:25.9,64,72,83,
2021-07-08 13:22:26.4,66,27,83,
2021-07-08 13:22:26.9,133,71,81,
2021-07-08 13:22:27.4,64,72,83,
2021-07-08 13:22:27.9,64,71,81,
2021-07-08 13:22:28.4,133,72,83,
2021-07-12 08:57:01.1,64,71,81,
2021-07-12 08:57:01.6,66,72,83,
2021-07-12 08:57:02.1,64,71,81,
2021-07-12 08:57:02.6,64,71,81,
2021-07-12 08:57:03.1,64,71,81,
2021-07-12 08:57:03.6,66,71,81,
2021-07-12 08:57:04.1,133,71,81,
2021-07-12 08:57:04.6,66,72,83,
2021-07-12 08:57:05.1,66,72,83,
2021-07-12 08:57:05.6,66,72,83,
2021-07-12 08:57:06.1,66,72,31,
2021-07-12 08:57:06.6,64,71,83,
2021-07-12 08:57:07.1,66,71,81,
2021-07-12 08:57:07.6,133,71,81,
2021-07-12 08:57:08.1,66,71,31,
2021-07-12 08:57:08.6,133,72,83,
2021-07-12 08:57:09.1,66,72,83,
2021-07-12 08:57:09.6,64,71,81,
2021-07-12 08:57:10.1,-2,72,83,
2021-07-12 08:57:10.6,66,72,83,
2021-07-12 08:57:11.1,64,71,81,
2021-07-12 08:57:11.6,66,72,83,
2021-07-12 08:57:12.1,133,71,81,
2021-07-12 08:57:12.6,66,72,83,
2021-07-12 08:57:13.1,64,115,81,
2021-07-12 08:57:13.6,64,71,81,
2021-07-12 08:57:14.1,64,72,31,
2021-07-12 08:57:14.6,66,72,83,
2021-07-12 08:57:15.1,66,72,81,
2021-07-12 08:57:15.6,66,72,31,
2021-07-12 08:57:16.1,66,71,31,
2021-07-12 08:57:16.6,64,71,81,
2021-07-12 08:57:17.1,66,71,81,
2021-07-12 08:57:17.6,66,72,83,
2021-07-12 08:57:18.1,66,72,81,
2021-07-12 08:57:18.6,66,72,83,
2021-07-12 08:57:19.1,64,72,83,
2021-07-12 08:57:19.6,66,72,83,
2021-07-12 08:57:20.1,64,71,81,
2021-07-12 08:57:20.6,66,71,81,
2021-07-12 08:57:21.1,64,71,81,
2021-07-12 08:57:21.6,64,71,81,
2021-07-12 08:57:22.1,64,71,81,
2021-07-12 08:57:22.6,66,72,83,
2021-07-12 08:57:23.1,66,27,83,
2021-07-12 08:57:23.6,66,72,81,
2021-07-12 08:57:24.1,64,71,81,
2021-07-12 08:57:24.6,66,72,31,
2021-07-12 08:57:25.1,64,71,31,
2021-07-12 08:57:25.6,66,27,83,
2021-07-12 08:57:26.1,133,72,83,
2021-07-12 08:57:26.6,64,27,31,
2021-07-12 08:57:27.1,64,115,31,
2021-07-12 08:57:27.6,64,71,81,
2021-07-12 08:57:28.1,64,71,81,
2021-07-12 08:57:28.6,66,72,83,
2021-07-12 08:57:29.1,64,72,81,
2021-07-12 08:57:29.6,64,72,81,
2021-07-12 08:57:30.1,66,71,81,
2021-07-12 08:57:30.6,66,71,81,
2021-07-12 08:57:31.1,133,72,83,
2021-07-12 08:57:31.6,64,71,81,
2021-07-12 08:57:32.1,66,72,31,
2021-07-12 08:57:32.6,66,72,83,
2021-07-12 08:57:33.1,66,72,81,
2021-07-12 08:57:33.6,64,71,81,
2021-07-12 08:57:34.1,66,71,83,
2021-07-12 08:57:34.6,64,72,83,
2021-07-12 08:57:35.1,66,72,83,
2021-07-12 08:57:35.6,66,72,83,
2021-07-12 08:57:36.1,66,27,83,
2021-07-12 08:57:36.6,64,71,83,
2021-07-12 08:57:37.1,66,72,81,
2021-07-12 08:57:37.6,64,71,83,
2021-07-12 08:57:38.1,66,27,31,
2021-07-12 08:57:38.6,66,71,83,
2021-07-12 08:57:39.1,66,71,81,
2021-07-12 08:57:39.6,64,71,81,
2021-07-12 08:57:40.1,66,72,31,
2021-07-12 08:57:40.6,64,71,83,
2021-07-12 08:57:41.1,133,72,31,
2021-07-12 08:57:41.6,66,72,83,
2021-07-12 08:57:42.1,66,72,83,
2021-07-12 08:57:42.6,66,72,83,
2021-07-12 08:57:43.1,64,71,81,
2021-07-12 08:57:43.6,66,72,83,
2021-07-12 08:57:44.1,64,71,81,
2021-07-12 08:57:44.6,64,71,81,
2021-07-12 08:57:45.1,64,72,83,
2021-07-12 08:57:45.6,66,72,83,
2021-07-12 08:57:46.1,66,72,31,
2021-07-12 08:57:46.6,66,115,81,
2021-07-12 08:57:47.1,64,115,83,
2021-07-12 08:57:47.6,64,71,81,
2021-07-12 08:57:48.1,66,72,83,
2021-07-12 08:57:48.6,66,72,81,
2021-07-12 08:57:49.1,66,115,83,
2021-07-12 08:57:49.6,64,71,81,
2021-07-12 08:57:50.1,64,71,81,
2021-07-12 08:57:50.6,66,72,83,
2021-07-12 08:57:51.1,66,72,83,
2021-07-12 08:57:51.6,64,115,83,
2021-07-12 08:57:52.1,66,71,81,
2021-07-12 08:57:52.6,133,71,81,
